,vin,datetime,latitude,longitude,stay_duration
1,wqmbpgahavumabeif,2022-08-01 09:27:52,43.86763811867615,125.24396108091912,1368.5166666666667
2,wqmbpgahavumabeif,2022-08-02 08:30:23,43.86961916095054,125.24319170336906,127.75
3,wqmbpgahavumabeif,2022-08-02 11:10:38,43.82787160453462,125.26383914983992,292.18333333333334
4,wqmbpgahavumabeif,2022-08-02 16:03:39,43.82854457998378,125.26385076245415,190.61666666666667
5,wqmbpgahavumabeif,2022-08-02 19:52:16,43.86759482368981,125.24588642312683,698.75
6,wqmbpgahavumabeif,2022-08-03 07:43:21,43.869822054689855,125.24315275176278,218.76666666666668
7,wqmbpgahavumabeif,2022-08-03 11:41:37,43.82783762508899,125.263843146999,436.6666666666667
8,wqmbpgahavumabeif,2022-08-03 19:17:57,43.86695814990019,125.24616524428583,853.7833333333333
9,wqmbpgahavumabeif,2022-08-04 09:56:34,43.81503928754601,125.22520539685752,174.11666666666667
10,wqmbpgahavumabeif,2022-08-04 13:11:21,43.86981705985609,125.24314275523916,135.58333333333334
11,wqmbpgahavumabeif,2022-08-04 15:52:06,43.82788459369826,125.26383214753456,1092.0166666666667
12,wqmbpgahavumabeif,2022-08-05 11:45:57,43.815030334359,125.225157455369,131.71666666666667
13,wqmbpgahavumabeif,2022-08-05 14:16:40,43.82783863054061,125.26385415398322,103.75
14,wqmbpgahavumabeif,2022-08-05 16:00:25,43.82786172618774,125.2637459243886,186.31666666666666
15,wqmbpgahavumabeif,2022-08-05 19:28:04,43.86776971961235,125.2459244395704,846.3666666666667
16,wqmbpgahavumabeif,2022-08-06 09:37:59,43.86304106691856,125.24245299779636,44.78333333333333
17,wqmbpgahavumabeif,2022-08-06 10:59:36,43.82790060902729,125.26387617736208,473.75
18,wqmbpgahavumabeif,2022-08-06 19:12:51,43.86766989415647,125.24510367731516,991.6
19,wqmbpgahavumabeif,2022-08-07 12:04:17,43.82786161048398,125.2638401488948,400.05
20,wqmbpgahavumabeif,2022-08-07 19:07:10,43.86755694559374,125.24518363343188,609.0833333333334
21,wqmbpgahavumabeif,2022-08-08 05:32:46,43.82787159909255,125.26382914364024,52.43333333333333
22,wqmbpgahavumabeif,2022-08-08 06:38:22,43.81550944467504,125.22474504988824,229.46666666666667
23,wqmbpgahavumabeif,2022-08-08 10:47:20,43.827842613678726,125.26382713786138,314.9
24,wqmbpgahavumabeif,2022-08-08 16:21:24,43.81551824220533,125.22496776992136,162.56666666666666
25,wqmbpgahavumabeif,2022-08-08 19:24:28,43.86757112107969,125.2441400021465,593.8
26,wqmbpgahavumabeif,2022-08-09 05:32:46,43.82783862945081,125.26385215274136,65.06666666666666
27,wqmbpgahavumabeif,2022-08-09 06:54:40,43.81502936032207,125.22512849146078,83.51666666666667
28,wqmbpgahavumabeif,2022-08-09 08:33:11,43.81502834769526,125.22514347255066,93.56666666666666
29,wqmbpgahavumabeif,2022-08-09 10:21:55,43.85917546713169,125.25174726624446,52.15
30,wqmbpgahavumabeif,2022-08-09 11:29:44,43.81551718982925,125.22502769440742,459.8833333333333
31,wqmbpgahavumabeif,2022-08-09 19:33:37,43.86780270039521,125.24592844359076,581.0833333333334
32,wqmbpgahavumabeif,2022-08-10 05:37:12,43.82796702586285,125.26409165757984,55.0
33,wqmbpgahavumabeif,2022-08-10 06:48:42,43.81503032209152,125.2251714378822,95.6
34,wqmbpgahavumabeif,2022-08-10 08:37:48,43.81551968451002,125.2244713999759,57.65
35,wqmbpgahavumabeif,2022-08-10 09:56:07,43.82781565715204,125.26388016654528,375.6666666666667
36,wqmbpgahavumabeif,2022-08-10 16:25:57,43.81566645040269,125.22464520132048,160.71666666666667
37,wqmbpgahavumabeif,2022-08-10 19:32:30,43.86756127091712,125.24344827328116,590.2166666666667
38,wqmbpgahavumabeif,2022-08-11 05:39:33,43.82785762681335,125.26386616441272,53.083333333333336
39,wqmbpgahavumabeif,2022-08-11 06:46:38,43.815535492356766,125.22467614143712,742.2
40,wqmbpgahavumabeif,2022-08-11 19:35:50,43.86750291891757,125.24556850347982,581.7166666666667
41,wqmbpgahavumabeif,2022-08-12 05:32:33,43.827846631668,125.26386416144776,56.4
42,wqmbpgahavumabeif,2022-08-12 06:46:57,43.81551849425393,125.2246841286222,204.71666666666667
43,wqmbpgahavumabeif,2022-08-12 10:30:00,43.8278326261579,125.2638401443553,329.48333333333335
44,wqmbpgahavumabeif,2022-08-12 16:19:39,43.81548843715,125.22476602001454,168.21666666666667
45,wqmbpgahavumabeif,2022-08-12 19:33:32,43.867363921947685,125.24614831262645,1005.1666666666666
46,wqmbpgahavumabeif,2022-08-13 12:40:02,43.86657821222388,125.2479627691642,30.933333333333334
47,wqmbpgahavumabeif,2022-08-13 13:35:48,43.82783562562541,125.26384214606554,332.96666666666664
48,wqmbpgahavumabeif,2022-08-13 19:41:46,43.867776716413786,125.24591844239777,995.1333333333333
49,wqmbpgahavumabeif,2022-08-14 12:38:04,43.82784161585121,125.26383013956394,391.8666666666667
50,wqmbpgahavumabeif,2022-08-14 19:33:36,43.86755291149946,125.24542355620564,580.6166666666667
51,wqmbpgahavumabeif,2022-08-15 05:31:03,43.82801173466218,125.2639110498495,61.45
52,wqmbpgahavumabeif,2022-08-15 06:48:30,43.81502235702148,125.22513648036144,430.46666666666664
53,wqmbpgahavumabeif,2022-08-15 14:17:38,43.85611664105054,125.2438193287796,150.88333333333333
54,wqmbpgahavumabeif,2022-08-15 17:25:41,43.81502183756724,125.225734738912,100.15
55,wqmbpgahavumabeif,2022-08-15 19:36:50,43.867569166503976,125.24391808673904,584.2833333333333
56,wqmbpgahavumabeif,2022-08-16 05:37:37,43.82787460236875,125.26383814968932,56.083333333333336
57,wqmbpgahavumabeif,2022-08-16 06:51:02,43.81502933313724,125.22515945271375,731.5833333333334
58,wqmbpgahavumabeif,2022-08-16 19:25:57,43.86770078373678,125.2457344844138,590.5
59,wqmbpgahavumabeif,2022-08-17 05:33:07,43.82793984730157,125.26404462280244,54.833333333333336
60,wqmbpgahavumabeif,2022-08-17 06:40:57,43.81553148466778,125.224687126852,159.51666666666668
61,wqmbpgahavumabeif,2022-08-17 09:38:38,43.8278756998527,125.26401726166326,391.2
62,wqmbpgahavumabeif,2022-08-17 16:26:00,43.81554036419104,125.2248169636722,162.06666666666666
63,wqmbpgahavumabeif,2022-08-17 19:32:24,43.8675528831368,125.2456214951714,583.3666666666667
64,wqmbpgahavumabeif,2022-08-18 05:32:56,43.82784761260835,125.26383014050316,59.03333333333333
65,wqmbpgahavumabeif,2022-08-18 06:47:18,43.81503134084078,125.22514946552172,82.28333333333333
66,wqmbpgahavumabeif,2022-08-18 08:25:15,43.81566429916361,125.22481598435752,640.1166666666667
67,wqmbpgahavumabeif,2022-08-18 19:32:02,43.86751285802484,125.24598138293942,588.0333333333333
68,wqmbpgahavumabeif,2022-08-19 05:38:04,43.82786060503799,125.26382914191836,50.983333333333334
69,wqmbpgahavumabeif,2022-08-19 06:47:53,43.81503233154384,125.22515945318362,194.5
70,wqmbpgahavumabeif,2022-08-19 10:20:23,43.82786262138448,125.26386116208812,339.56666666666666
71,wqmbpgahavumabeif,2022-08-19 16:16:57,43.81571754510839,125.22450938247084,166.11666666666667
72,wqmbpgahavumabeif,2022-08-19 19:27:14,43.86756391534764,125.24535557934182,884.2333333333333
73,wqmbpgahavumabeif,2022-08-20 10:43:58,43.82785361807509,125.26384615136506,501.56666666666666
74,wqmbpgahavumabeif,2022-08-20 19:27:03,43.86754495036883,125.24519662732828,1064.5
75,wqmbpgahavumabeif,2022-08-21 13:21:43,43.8559141284037,125.24224297753278,42.583333333333336
76,wqmbpgahavumabeif,2022-08-21 14:21:28,43.836884634561,125.26850599782966,29.95
77,wqmbpgahavumabeif,2022-08-21 14:57:35,43.8278805985814,125.2638371500084,254.53333333333333
78,wqmbpgahavumabeif,2022-08-21 19:30:57,43.86756534233223,125.24312440971605,585.0333333333333
79,wqmbpgahavumabeif,2022-08-22 05:32:39,43.8278596131984,125.26384315044278,53.81666666666667
80,wqmbpgahavumabeif,2022-08-22 06:41:08,43.81502434368196,125.22515046317574,252.86666666666667
81,wqmbpgahavumabeif,2022-08-22 11:14:00,43.82782561742906,125.26381712900668,263.68333333333334
82,wqmbpgahavumabeif,2022-08-22 15:53:41,43.81552361862158,125.22454230999703,194.05
83,wqmbpgahavumabeif,2022-08-22 19:31:35,43.86771377690995,125.2457304876427,591.7
84,wqmbpgahavumabeif,2022-08-23 05:43:27,43.82785561100523,125.26383514485488,51.3
85,wqmbpgahavumabeif,2022-08-23 06:51:25,43.8150253527967,125.22513947708084,730.0
86,wqmbpgahavumabeif,2022-08-23 19:29:15,43.8675321269054,125.24422396454266,591.65
87,wqmbpgahavumabeif,2022-08-24 05:35:24,43.82789659319979,125.2638431562346,54.28333333333333
88,wqmbpgahavumabeif,2022-08-24 06:41:11,43.81503634607718,125.22514047755357,88.0
89,wqmbpgahavumabeif,2022-08-24 08:24:17,43.81506426114776,125.22522038206712,55.55
90,wqmbpgahavumabeif,2022-08-24 09:42:10,43.82783863272065,125.26385815646752,380.78333333333336
91,wqmbpgahavumabeif,2022-08-24 16:19:07,43.8152081752536,125.22411281238617,160.43333333333334
92,wqmbpgahavumabeif,2022-08-24 19:23:33,43.867528929674336,125.24539256217636,597.0666666666667
93,wqmbpgahavumabeif,2022-08-25 05:38:57,43.82788461221992,125.26386616863918,48.916666666666664
94,wqmbpgahavumabeif,2022-08-25 06:41:22,43.81503734905449,125.2251364827107,740.5333333333333
95,wqmbpgahavumabeif,2022-08-25 19:22:24,43.86756900868061,125.24475777833412,600.5166666666667
96,wqmbpgahavumabeif,2022-08-26 05:37:25,43.82781363479359,125.26383713952056,50.833333333333336
97,wqmbpgahavumabeif,2022-08-26 06:41:05,43.815033338901785,125.22515046458528,142.58333333333334
98,wqmbpgahavumabeif,2022-08-26 09:33:07,43.86961716208636,125.24319170305552,190.31666666666666
99,wqmbpgahavumabeif,2022-08-26 13:23:26,43.82784760825704,125.26382213554662,109.26666666666667
100,wqmbpgahavumabeif,2022-08-26 15:29:41,43.815207168497466,125.22412080189314,213.66666666666666
101,wqmbpgahavumabeif,2022-08-26 19:33:27,43.86758085242213,125.2457294670928,888.0833333333334
102,wqmbpgahavumabeif,2022-08-27 10:42:42,43.82781665333692,125.26387416296902,506.3333333333333
103,wqmbpgahavumabeif,2022-08-27 19:30:34,43.86752183266103,125.24614633794664,1011.0
104,wqmbpgahavumabeif,2022-08-28 12:44:04,43.82783661474607,125.26382313444414,375.0
105,wqmbpgahavumabeif,2022-08-28 19:19:14,43.86758085527461,125.24570847336038,598.5333333333333
106,wqmbpgahavumabeif,2022-08-29 05:38:36,43.8278516109905,125.26383114174908,54.166666666666664
107,wqmbpgahavumabeif,2022-08-29 06:47:46,43.81502838719151,125.22509852883904,217.76666666666668
108,wqmbpgahavumabeif,2022-08-29 10:45:22,43.82786361321487,125.263847153551,300.0
109,wqmbpgahavumabeif,2022-08-29 15:57:42,43.81554852653508,125.2246302018995,191.86666666666667
110,wqmbpgahavumabeif,2022-08-29 19:31:24,43.86757893829579,125.24515064763705,581.3166666666667
111,wqmbpgahavumabeif,2022-08-30 05:28:26,43.82788560840781,125.26386016506714,60.25
112,wqmbpgahavumabeif,2022-08-30 06:41:11,43.81502835383471,125.22513648130112,91.16666666666667
113,wqmbpgahavumabeif,2022-08-30 08:25:01,43.81579248189511,125.22453536105536,667.1333333333333
114,wqmbpgahavumabeif,2022-08-30 19:55:59,43.86755291091184,125.2454275549533,559.1833333333333
115,wqmbpgahavumabeif,2022-08-31 05:30:20,43.82783563706794,125.26386315910445,58.06666666666667
116,wqmbpgahavumabeif,2022-08-31 06:41:24,43.815035331703335,125.22515745615208,744.4166666666666
117,wqmbpgahavumabeif,2022-08-31 19:33:39,43.867816729619314,125.24564952808028,579.5666666666667
118,wqmbpgahavumabeif,2022-09-01 05:30:33,43.82788960406544,125.26385616320856,61.983333333333334
119,wqmbpgahavumabeif,2022-09-01 06:45:02,43.81500836270288,125.22513847566844,548.7833333333333
120,wqmbpgahavumabeif,2022-09-01 16:18:58,43.81522237920291,125.22499069465646,172.26666666666668
121,wqmbpgahavumabeif,2022-09-01 19:33:54,43.867647162098166,125.24372617436444,583.3166666666667
122,wqmbpgahavumabeif,2022-09-02 05:32:33,43.82786660179504,125.26382914285756,54.56666666666667
123,wqmbpgahavumabeif,2022-09-02 06:41:07,43.815040345706784,125.2251384806802,79.95
124,wqmbpgahavumabeif,2022-09-02 08:26:18,43.81540318943987,125.22398400996506,400.53333333333336
125,wqmbpgahavumabeif,2022-09-02 15:33:19,43.8150434108699,125.2250625762792,208.03333333333333
126,wqmbpgahavumabeif,2022-09-02 19:25:31,43.86758578138152,125.2462743129177,929.4666666666667
127,wqmbpgahavumabeif,2022-09-03 11:49:54,43.827858624636896,125.26386316270477,440.48333333333335
128,wqmbpgahavumabeif,2022-09-03 19:31:23,43.86756803833112,125.24459183635008,974.9666666666667
129,wqmbpgahavumabeif,2022-09-04 12:06:31,43.82784762131799,125.26384615042583,415.56666666666666
130,wqmbpgahavumabeif,2022-09-04 19:19:55,43.8675671347392,125.24408202346676,599.2666666666667
131,wqmbpgahavumabeif,2022-09-05 05:33:41,43.82787734039348,125.26397106649708,54.05
132,wqmbpgahavumabeif,2022-09-05 06:44:14,43.81502235614431,125.22513747911124,76.5
133,wqmbpgahavumabeif,2022-09-05 08:22:02,43.815816243220254,125.22478804355784,638.3833333333333
134,wqmbpgahavumabeif,2022-09-05 19:23:05,43.86783172598558,125.24561454102944,598.0166666666667
135,wqmbpgahavumabeif,2022-09-06 05:34:46,43.82782363156655,125.26384114356678,53.53333333333333
136,wqmbpgahavumabeif,2022-09-06 06:41:28,43.81502534402757,125.225149464582,83.93333333333334
137,wqmbpgahavumabeif,2022-09-06 08:21:47,43.81503566983072,125.22477493767497,643.5666666666667
138,wqmbpgahavumabeif,2022-09-06 19:26:11,43.86757597683344,125.2449227229654,589.85
139,wqmbpgahavumabeif,2022-09-07 05:31:42,43.82785762136142,125.26385615819945,61.75
140,wqmbpgahavumabeif,2022-09-07 06:47:37,43.81503532294018,125.2251674436607,77.56666666666666
141,wqmbpgahavumabeif,2022-09-07 08:22:02,43.8154281752387,125.22398501258373,43.96666666666667
142,wqmbpgahavumabeif,2022-09-07 09:37:57,43.86962016431444,125.2431747107385,121.0
143,wqmbpgahavumabeif,2022-09-07 11:55:47,43.82782862940871,125.2638421449698,212.56666666666666
144,wqmbpgahavumabeif,2022-09-07 15:51:42,43.81551031453043,125.22489086559412,189.31666666666666
145,wqmbpgahavumabeif,2022-09-07 19:24:21,43.86755486432038,125.24575045677172,597.15
146,wqmbpgahavumabeif,2022-09-08 05:35:10,43.82786761977248,125.26386316411356,53.983333333333334
147,wqmbpgahavumabeif,2022-09-08 06:44:19,43.81502634788059,125.22514447098752,192.7
148,wqmbpgahavumabeif,2022-09-08 10:10:01,43.82792959990346,125.26388818937028,333.03333333333336
149,wqmbpgahavumabeif,2022-09-08 16:19:35,43.81578648687974,125.2245333626656,167.63333333333333
150,wqmbpgahavumabeif,2022-09-08 19:27:43,43.86759183046959,125.24584743400835,586.0833333333334
151,wqmbpgahavumabeif,2022-09-09 05:29:18,43.828054063402135,125.2639444106939,68.93333333333334
152,wqmbpgahavumabeif,2022-09-09 06:55:04,43.81504734023462,125.22514047927636,139.21666666666667
153,wqmbpgahavumabeif,2022-09-09 09:27:47,43.82784862731587,125.26385815803287,374.26666666666665
154,wqmbpgahavumabeif,2022-09-09 15:55:33,43.81527925350025,125.22398598794652,193.1
155,wqmbpgahavumabeif,2022-09-09 19:36:59,43.86755999072655,125.2448937302837,906.5333333333333
156,wqmbpgahavumabeif,2022-09-10 10:46:51,43.86237792680368,125.24485892918796,38.85
157,wqmbpgahavumabeif,2022-09-10 11:48:22,43.827865608866446,125.26384115014125,420.4
158,wqmbpgahavumabeif,2022-09-10 19:22:06,43.86758682887151,125.24588142332397,1005.9833333333333
159,wqmbpgahavumabeif,2022-09-11 12:27:45,43.82783862128196,125.26383714343392,388.26666666666665
160,wqmbpgahavumabeif,2022-09-11 19:38:11,43.86757085985301,125.24571646940264,936.3333333333334
161,wqmbpgahavumabeif,2022-09-12 11:56:14,43.82784262565448,125.26384915150511,423.9
162,wqmbpgahavumabeif,2022-09-12 19:19:08,43.86758582879019,125.24588642171608,591.15
163,wqmbpgahavumabeif,2022-09-13 05:28:37,43.82808186743962,125.26391839878842,61.06666666666667
164,wqmbpgahavumabeif,2022-09-13 06:45:31,43.81503335468802,125.22513248708542,742.8
165,wqmbpgahavumabeif,2022-09-13 19:33:49,43.86758682887151,125.24588142332397,583.3333333333334
166,wqmbpgahavumabeif,2022-09-14 05:33:09,43.82786861323626,125.26385215743744,53.8
167,wqmbpgahavumabeif,2022-09-14 06:41:57,43.81503043009287,125.22504859179293,364.7
168,wqmbpgahavumabeif,2022-09-14 13:00:29,43.82784161966053,125.26383714390352,184.81666666666666
169,wqmbpgahavumabeif,2022-09-14 16:18:58,43.815056043711394,125.22434648731432,161.58333333333334
170,wqmbpgahavumabeif,2022-09-14 19:22:03,43.86780672528114,125.24572250460524,597.2333333333333
171,wqmbpgahavumabeif,2022-09-15 05:36:27,43.82783363542302,125.26385815568484,56.03333333333333
172,wqmbpgahavumabeif,2022-09-15 06:48:59,43.8150293454103,125.22514547020752,212.3
173,wqmbpgahavumabeif,2022-09-15 10:35:37,43.82785361589681,125.26384214888316,296.75
174,wqmbpgahavumabeif,2022-09-15 15:46:42,43.815171709889086,125.22464911870706,201.73333333333332
175,wqmbpgahavumabeif,2022-09-15 19:33:26,43.8675688546395,125.24576345511092,587.1
176,wqmbpgahavumabeif,2022-09-16 05:34:32,43.827915009425794,125.26401209838188,55.6
177,wqmbpgahavumabeif,2022-09-16 06:47:48,43.815044473758746,125.22499066677788,196.46666666666667
178,wqmbpgahavumabeif,2022-09-16 10:19:36,43.82782062720106,125.2638301362767,337.4166666666667
179,wqmbpgahavumabeif,2022-09-16 16:15:51,43.81578649046874,125.22452936776614,176.66666666666666
180,wqmbpgahavumabeif,2022-09-16 19:35:31,43.86765493638698,125.24489674415685,663.0333333333333
181,wqmbpgahavumabeif,2022-09-17 06:48:23,43.855541090903536,125.2432354762836,203.46666666666667
182,wqmbpgahavumabeif,2022-09-17 10:19:31,43.86277114533485,125.25587028516188,39.45
183,wqmbpgahavumabeif,2022-09-17 11:15:28,43.8278426485664,125.26389117761993,459.1333333333333
184,wqmbpgahavumabeif,2022-09-17 19:16:26,43.86754137378677,125.24304843855892,940.7666666666667
185,wqmbpgahavumabeif,2022-09-18 11:18:32,43.82784961315973,125.26383314267572,459.6333333333333
186,wqmbpgahavumabeif,2022-09-18 19:20:20,43.86756186048821,125.24574945816588,595.5166666666667
187,wqmbpgahavumabeif,2022-09-19 05:32:31,43.82783962836549,125.26385115227706,55.65
188,wqmbpgahavumabeif,2022-09-19 06:44:10,43.81503632240904,125.22516744381733,98.1
189,wqmbpgahavumabeif,2022-09-19 08:53:36,43.829876776437736,125.15141211137134,177.13333333333333
190,wqmbpgahavumabeif,2022-09-19 11:53:04,43.82949705734769,125.15136813278252,244.08333333333334
191,wqmbpgahavumabeif,2022-09-19 16:18:59,43.815501574771055,125.22460422759968,158.96666666666667
192,wqmbpgahavumabeif,2022-09-19 19:23:17,43.8675619031748,125.24544555073834,599.5333333333333
193,wqmbpgahavumabeif,2022-09-20 05:36:39,43.82786862959863,125.26388217608634,53.083333333333336
194,wqmbpgahavumabeif,2022-09-20 06:45:34,43.81503732976459,125.225158455216,294.95
195,wqmbpgahavumabeif,2022-09-20 11:53:51,43.82783663325654,125.2638571555333,224.96666666666667
196,wqmbpgahavumabeif,2022-09-20 15:56:19,43.81516314091982,125.22417672271912,189.35
197,wqmbpgahavumabeif,2022-09-20 19:29:40,43.86771977323853,125.24573248798754,592.4666666666667
198,wqmbpgahavumabeif,2022-09-21 05:36:38,43.82787359746756,125.2638281433336,52.68333333333333
199,wqmbpgahavumabeif,2022-09-21 06:41:59,43.81503434100095,125.225147468491,155.45
200,wqmbpgahavumabeif,2022-09-21 09:40:06,43.86963015424169,125.243193704246,210.51666666666668
201,wqmbpgahavumabeif,2022-09-21 13:26:57,43.82787362089279,125.26387117002582,115.96666666666667
202,wqmbpgahavumabeif,2022-09-21 16:00:03,43.81493089513912,125.22458516234208,187.03333333333333
203,wqmbpgahavumabeif,2022-09-21 19:28:15,43.867512910569054,125.24558749924304,588.9166666666666
204,wqmbpgahavumabeif,2022-09-22 05:30:30,43.82784461368575,125.2638291394138,59.416666666666664
205,wqmbpgahavumabeif,2022-09-22 06:48:45,43.81505533949389,125.2251364855298,217.53333333333333
206,wqmbpgahavumabeif,2022-09-22 10:37:37,43.82783163650395,125.26385815537178,311.0833333333333
207,wqmbpgahavumabeif,2022-09-22 16:05:22,43.815457470531896,125.22474703921092,177.31666666666666
208,wqmbpgahavumabeif,2022-09-22 19:28:42,43.8675848744344,125.24555452062168,585.55
209,wqmbpgahavumabeif,2022-09-23 05:30:55,43.827887593165066,125.263834149244,58.78333333333333
210,wqmbpgahavumabeif,2022-09-23 06:46:32,43.81505233231721,125.22514647255989,741.3333333333334
211,wqmbpgahavumabeif,2022-09-23 19:30:22,43.86766883125024,125.24552354331917,923.6
212,wqmbpgahavumabeif,2022-09-24 11:16:18,43.82794387939031,125.26380347243207,462.93333333333334
213,wqmbpgahavumabeif,2022-09-24 19:19:24,43.86757491967439,125.2452856033483,982.05
214,wqmbpgahavumabeif,2022-09-25 12:03:27,43.82782362775621,125.26383413922576,421.73333333333335
215,wqmbpgahavumabeif,2022-09-25 19:28:23,43.86774176198856,125.24572349411812,605.35
216,wqmbpgahavumabeif,2022-09-26 05:49:04,43.82784962895602,125.2638621606745,40.38333333333333
217,wqmbpgahavumabeif,2022-09-26 06:42:17,43.815029355058,125.22513448395826,738.75
218,wqmbpgahavumabeif,2022-09-26 19:27:32,43.86758286141432,125.24565548958988,588.5333333333333
219,wqmbpgahavumabeif,2022-09-27 05:32:24,43.82782265282295,125.26387916701876,57.833333333333336
220,wqmbpgahavumabeif,2022-09-27 06:45:54,43.815033350301874,125.22513748083402,380.93333333333334
221,wqmbpgahavumabeif,2022-09-27 13:41:43,43.82782763485113,125.26385115039864,151.43333333333334
222,wqmbpgahavumabeif,2022-09-27 16:30:29,43.815034473778574,125.224996657675,167.05
223,wqmbpgahavumabeif,2022-09-27 19:39:42,43.86780369995632,125.24592744403556,579.8833333333333
224,wqmbpgahavumabeif,2022-09-28 05:34:35,43.827831628331815,125.26384314605978,52.583333333333336
225,wqmbpgahavumabeif,2022-09-28 06:45:40,43.815039336591695,125.22514946677464,168.91666666666666
226,wqmbpgahavumabeif,2022-09-28 09:49:35,43.83282607800814,125.16161119303116,79.23333333333333
227,wqmbpgahavumabeif,2022-09-28 11:34:39,43.82783364578619,125.26387716749628,233.06666666666666
228,wqmbpgahavumabeif,2022-09-28 15:52:13,43.81552650695953,125.22466515399104,192.05
229,wqmbpgahavumabeif,2022-09-28 19:38:13,43.86756818451933,125.24383311973683,580.75
230,wqmbpgahavumabeif,2022-09-29 05:34:18,43.82782463374885,125.26384614682554,53.13333333333333
231,wqmbpgahavumabeif,2022-09-29 06:42:56,43.81503034224868,125.22514846661478,189.0
232,wqmbpgahavumabeif,2022-09-29 10:03:16,43.82784662676175,125.26385515585648,350.1333333333333
233,wqmbpgahavumabeif,2022-09-29 16:14:46,43.81549926731606,125.2249507883237,164.15
234,wqmbpgahavumabeif,2022-09-29 19:30:19,43.86772680124906,125.24550355858482,586.1833333333333
235,wqmbpgahavumabeif,2022-09-30 05:32:30,43.827825627763765,125.26383614077888,56.05
236,wqmbpgahavumabeif,2022-09-30 06:46:03,43.81504434533651,125.225136483807,86.66666666666667
237,wqmbpgahavumabeif,2022-09-30 08:41:53,43.85913055269711,125.25233027105487,137.51666666666668
238,wqmbpgahavumabeif,2022-09-30 11:24:24,43.82782663702625,125.2638541521048,262.6333333333333
239,wqmbpgahavumabeif,2022-09-30 16:12:00,43.81504316515616,125.22440407807149,172.31666666666666
240,wqmbpgahavumabeif,2022-09-30 19:35:09,43.86765520530819,125.24350426506842,1000.6166666666667
241,wqmbpgahavumabeif,2022-10-01 12:38:07,43.82783063922505,125.26386215770034,375.95
242,wqmbpgahavumabeif,2022-10-01 19:13:04,43.86758014309305,125.24400305566616,899.8166666666667
243,wqmbpgahavumabeif,2022-10-02 12:02:09,43.82788459914142,125.26384215373577,417.53333333333336
244,wqmbpgahavumabeif,2022-10-02 19:21:01,43.86766879382633,125.24579446162656,943.7666666666667
245,wqmbpgahavumabeif,2022-10-03 11:30:17,43.827896599736846,125.26385516368327,448.3333333333333
246,wqmbpgahavumabeif,2022-10-03 19:44:29,43.867661202565465,125.24350126723444,897.8666666666667
247,wqmbpgahavumabeif,2022-10-04 11:36:03,43.82784962459535,125.2638541557051,387.4166666666667
248,wqmbpgahavumabeif,2022-10-04 18:03:28,43.82790553376812,125.26374209557608,75.58333333333333
249,wqmbpgahavumabeif,2022-10-04 19:50:54,43.86755308492437,125.24438290918492,1177.2166666666667
250,wqmbpgahavumabeif,2022-10-05 15:50:07,43.82656076803503,125.26539936995272,196.8
251,wqmbpgahavumabeif,2022-10-05 19:12:35,43.834356159914336,125.24756979564032,980.1
252,wqmbpgahavumabeif,2022-10-06 12:07:51,43.82848495716135,125.26953358436666,1372.2166666666667
253,wqmbpgahavumabeif,2022-10-07 11:34:53,43.83681776483086,125.26863709952757,58.65
254,wqmbpgahavumabeif,2022-10-07 12:33:32,43.79759506191584,125.38146274567984,396.31666666666666
255,wqmbpgahavumabeif,2022-10-07 19:45:51,43.86766015557416,125.2437221779925,584.2333333333333
256,wqmbpgahavumabeif,2022-10-08 05:46:45,43.82783961965293,125.26383514235032,47.983333333333334
257,wqmbpgahavumabeif,2022-10-08 06:52:04,43.81503735607299,125.22512849271372,573.1333333333333
258,wqmbpgahavumabeif,2022-10-08 16:31:42,43.81508021857341,125.2252593359814,158.23333333333332
259,wqmbpgahavumabeif,2022-10-08 19:36:26,43.86754600857623,125.24483474820968,579.85
260,wqmbpgahavumabeif,2022-10-09 05:30:27,43.82785361263047,125.26383614516186,58.4
261,wqmbpgahavumabeif,2022-10-09 06:45:21,43.81506534558847,125.22512350335226,734.8
262,wqmbpgahavumabeif,2022-10-09 19:24:09,43.86757593062744,125.24521062764958,594.4833333333333
263,wqmbpgahavumabeif,2022-10-10 05:35:38,43.8277567132974,125.26392435166086,54.03333333333333
264,wqmbpgahavumabeif,2022-10-10 06:49:10,43.81504234990778,125.22513248849498,745.9833333333333
265,wqmbpgahavumabeif,2022-10-10 19:38:19,43.867741737536925,125.245908439799,577.9833333333333
266,wqmbpgahavumabeif,2022-10-11 05:32:28,43.82781563207989,125.26383413797348,79.8
267,wqmbpgahavumabeif,2022-10-11 07:10:16,43.81503036154589,125.22512649411856,713.1666666666666
268,wqmbpgahavumabeif,2022-10-11 19:25:16,43.86771876615325,125.24578947093818,592.45
269,wqmbpgahavumabeif,2022-10-12 05:34:23,43.827835632706986,125.2638551541346,78.93333333333334
270,wqmbpgahavumabeif,2022-10-12 07:11:29,43.8150463539252,125.2251254978751,1326.4
271,wqmbpgahavumabeif,2022-10-13 05:30:33,43.82783862563765,125.26384514839648,73.91666666666667
272,wqmbpgahavumabeif,2022-10-13 07:01:38,43.8150354133598,125.22506457251978,1337.7333333333333
273,wqmbpgahavumabeif,2022-10-14 05:32:22,43.82786861105709,125.26384815495432,74.55
274,wqmbpgahavumabeif,2022-10-14 07:03:55,43.8155034443036,125.22474904388336,313.71666666666664
275,wqmbpgahavumabeif,2022-10-15 12:37:28,43.82785360555793,125.26382313710522,382.76666666666665
276,wqmbpgahavumabeif,2022-10-15 19:10:04,43.850701744951536,125.23357104929934,1005.7
277,wqmbpgahavumabeif,2022-10-16 12:42:36,43.82803753215177,125.2638710289322,383.23333333333335
278,wqmbpgahavumabeif,2022-10-16 19:25:00,43.86765795515039,125.2447757860596,592.4666666666667
279,wqmbpgahavumabeif,2022-10-17 05:34:28,43.827843614770266,125.263830139877,70.08333333333333
280,wqmbpgahavumabeif,2022-10-17 07:00:13,43.81553251359348,125.22465416889936,1345.4166666666667
281,wqmbpgahavumabeif,2022-10-18 05:38:48,43.82782762831584,125.26383914295236,68.66666666666667
282,wqmbpgahavumabeif,2022-10-18 07:10:28,43.81553249395134,125.22467614096723,1330.7333333333333
283,wqmbpgahavumabeif,2022-10-19 05:36:52,43.82783862454851,125.26384314715554,66.68333333333334
284,wqmbpgahavumabeif,2022-10-19 07:06:13,43.81553041482685,125.22476602659292,722.7833333333333
285,wqmbpgahavumabeif,2022-10-19 19:29:50,43.86756786128131,125.24571846833533,593.2333333333333
286,wqmbpgahavumabeif,2022-10-20 05:38:24,43.82786260722181,125.26383514595064,69.48333333333333
287,wqmbpgahavumabeif,2022-10-20 07:04:23,43.81502844524103,125.22503261154644,1333.9833333333333
288,wqmbpgahavumabeif,2022-10-21 05:34:42,43.82796129500398,125.26397091302864,77.16666666666667
289,wqmbpgahavumabeif,2022-10-21 07:14:22,43.81502959844256,125.22485883061016,138.35
290,wqmbpgahavumabeif,2022-10-22 09:40:33,43.8607323730245,125.25931701073404,147.78333333333333
291,wqmbpgahavumabeif,2022-10-23 13:29:59,43.82784760934465,125.26382413678546,951.2333333333333
292,wqmbpgahavumabeif,2022-10-24 05:36:53,43.82784561641007,125.26383514328953,75.53333333333333
293,wqmbpgahavumabeif,2022-10-24 07:10:05,43.81503839242385,125.22508654542956,712.5166666666667
294,wqmbpgahavumabeif,2022-10-24 19:23:37,43.86760193158242,125.24511066435336,595.8166666666667
295,wqmbpgahavumabeif,2022-10-25 05:36:26,43.82783963054509,125.26385515476076,78.46666666666667
296,wqmbpgahavumabeif,2022-10-25 07:15:44,43.81505195835129,125.22557593897092,1320.65
297,wqmbpgahavumabeif,2022-10-26 05:30:23,43.8278406272802,125.2638501518128,57.13333333333333
298,wqmbpgahavumabeif,2022-10-26 06:42:11,43.81502738947959,125.22509653118604,196.5
299,wqmbpgahavumabeif,2022-10-26 10:13:31,43.82783562344771,125.26383814358444,358.15
300,wqmbpgahavumabeif,2022-10-26 16:28:00,43.81552657043343,125.22459424423892,775.4
301,wqmbpgahavumabeif,2022-10-27 05:36:34,43.827833618543,125.26382713645258,50.35
302,wqmbpgahavumabeif,2022-10-27 06:42:35,43.81501736932808,125.22512549333318,1354.8166666666666
303,wqmbpgahavumabeif,2022-10-28 05:32:34,43.827839623463525,125.26384214669169,55.266666666666666
304,wqmbpgahavumabeif,2022-10-28 06:44:40,43.81503833975322,125.22514647036724,145.93333333333334
305,wqmbpgahavumabeif,2022-10-28 10:07:05,43.8149967127846,125.22474996320736,31.016666666666666
306,wqmbpgahavumabeif,2022-10-28 10:53:06,43.827837630536166,125.26385315320572,314.3833333333333
307,wqmbpgahavumabeif,2022-10-28 16:27:09,43.8151711448518,125.22416773558037,151.3
308,wqmbpgahavumabeif,2022-10-28 19:20:47,43.8675808639319,125.2456454922951,984.3
309,wqmbpgahavumabeif,2022-10-29 12:07:35,43.82785763281469,125.26387717125314,423.28333333333336
310,wqmbpgahavumabeif,2022-10-29 19:35:22,43.86754595370239,125.24517163561283,933.7666666666667
311,wqmbpgahavumabeif,2022-10-30 11:49:45,43.83685460260474,125.26843793522596,29.683333333333334
312,wqmbpgahavumabeif,2022-10-30 12:25:06,43.82784363110851,125.26386015849263,399.56666666666666
313,wqmbpgahavumabeif,2022-10-30 19:29:20,43.86986616649226,125.24259000617413,587.4166666666666
314,wqmbpgahavumabeif,2022-10-31 05:32:25,43.82783563979473,125.2638681622122,59.5
315,wqmbpgahavumabeif,2022-10-31 06:49:45,43.81504138380077,125.22509453588252,223.43333333333334
316,wqmbpgahavumabeif,2022-10-31 10:53:21,43.85622197987022,125.24215406784332,77.73333333333333
317,wqmbpgahavumabeif,2022-10-31 12:22:55,43.82782864466899,125.26387016235992,232.93333333333334
