,vin,datetime,veh_speed,veh_km,longitude,latitude,trajectory_name
0,wqmbpgahavumbfefc,2022-08-06 09:33:23,0.0,13387.9,125.26804113085512,43.87850097106006,0
1,wqmbpgahavumbfefc,2022-08-06 09:36:03,11.58,13388.0,125.26792012976424,43.87913152561576,0
2,wqmbpgahavumbfefc,2022-08-06 09:36:03,11.58,13388.0,125.26792012976424,43.87913152561576,1
3,wqmbpgahavumbfefc,2022-08-06 09:38:13,24.52,13388.3,125.27161862382978,43.87983991737638,1
4,wqmbpgahavumbfefc,2022-08-06 09:38:13,24.52,13388.3,125.27161862382978,43.87983991737638,2
5,wqmbpgahavumbfefc,2022-08-06 09:39:13,16.14,13388.8,125.27229694396392,43.883836184543895,2
6,wqmbpgahavumbfefc,2022-08-06 09:42:53,49.27,13389.7,125.2714063558414,43.892223596895214,2
7,wqmbpgahavumbfefc,2022-08-06 09:43:53,65.98,13390.7,125.2753839970009,43.900522271104535,2
8,wqmbpgahavumbfefc,2022-08-06 09:44:13,34.14,13390.9,125.27721351571738,43.90225205022051,2
9,wqmbpgahavumbfefc,2022-08-06 09:45:53,42.58,13391.7,125.27630338880158,43.908679376348736,2
10,wqmbpgahavumbfefc,2022-08-06 09:48:03,35.26,13392.9,125.28106450375142,43.91976186122632,2
11,wqmbpgahavumbfefc,2022-08-06 09:49:43,19.85,13393.8,125.27961564037209,43.92729178403983,2
12,wqmbpgahavumbfefc,2022-08-06 10:05:38,2.81,13394.4,125.28317148429242,43.93141438317013,2
13,wqmbpgahavumbfefc,2022-08-06 10:05:38,2.81,13394.4,125.28317148429242,43.93141438317013,3
14,wqmbpgahavumbfefc,2022-08-06 10:06:48,44.1,13394.7,125.28126345969002,43.93035279160823,3
15,wqmbpgahavumbfefc,2022-08-06 10:07:18,50.06,13395.1,125.27936223102012,43.926905739731,3
16,wqmbpgahavumbfefc,2022-08-06 10:07:18,50.06,13395.1,125.27936223102012,43.926905739731,4
17,wqmbpgahavumbfefc,2022-08-06 10:09:28,9.39,13395.9,125.28071796851532,43.91952860941691,4
18,wqmbpgahavumbfefc,2022-08-06 10:14:08,43.53,13397.1,125.27620340981882,43.9095927415178,4
19,wqmbpgahavumbfefc,2022-08-06 10:16:58,43.65,13398.0,125.27557833206818,43.90118306988405,4
20,wqmbpgahavumbfefc,2022-08-06 10:18:58,51.86,13399.0,125.271482789898,43.89271681904842,4
21,wqmbpgahavumbfefc,2022-08-06 10:24:28,41.96,13399.9,125.27064936788034,43.88426959050406,4
22,wqmbpgahavumbfefc,2022-08-06 10:24:38,40.1,13400.1,125.27143701329048,43.88347867708456,4
23,wqmbpgahavumbfefc,2022-08-06 10:25:48,35.21,13400.8,125.27160410510952,43.87662774605231,4
24,wqmbpgahavumbfefc,2022-08-06 10:25:48,35.21,13400.8,125.27160410510952,43.87662774605231,5
25,wqmbpgahavumbfefc,2022-08-06 10:26:18,27.22,13401.0,125.26926276522975,43.875849365307126,5
26,wqmbpgahavumbfefc,2022-08-06 10:26:18,27.22,13401.0,125.26926276522975,43.875849365307126,6
27,wqmbpgahavumbfefc,2022-08-06 10:26:58,27.16,13401.2,125.26795280841247,43.87691181988898,6
28,wqmbpgahavumbfefc,2022-10-01 04:52:48,13.38,13401.5,125.26784807131143,43.87913647304417,6
29,wqmbpgahavumbfefc,2022-10-01 04:52:48,13.38,13401.5,125.26784807131143,43.87913647304417,7
30,wqmbpgahavumbfefc,2022-10-01 04:53:58,17.6,13401.8,125.27141440719504,43.8797607958381,7
31,wqmbpgahavumbfefc,2022-10-01 04:53:58,17.6,13401.8,125.27141440719504,43.8797607958381,8
32,wqmbpgahavumbfefc,2022-10-01 04:54:28,24.41,13402.1,125.2719346265199,43.87781833756821,8
33,wqmbpgahavumbfefc,2022-10-01 04:54:28,24.41,13402.1,125.2719346265199,43.87781833756821,9
34,wqmbpgahavumbfefc,2022-10-01 04:55:08,16.25,13402.4,125.27588001884509,43.87778290404911,9
35,wqmbpgahavumbfefc,2022-10-01 04:55:08,16.25,13402.4,125.27588001884509,43.87778290404911,10
36,wqmbpgahavumbfefc,2022-10-01 04:59:38,22.38,13402.7,125.2755943470307,43.87568982737905,10
37,wqmbpgahavumbfefc,2022-10-01 04:59:38,22.38,13402.7,125.2755943470307,43.87568982737905,11
38,wqmbpgahavumbfefc,2022-10-01 05:00:28,41.79,13403.2,125.27804705024036,43.87971696303389,11
39,wqmbpgahavumbfefc,2022-10-01 05:00:28,41.79,13403.2,125.27804705024036,43.87971696303389,12
40,wqmbpgahavumbfefc,2022-10-01 05:00:48,48.03,13403.4,125.28115244771394,43.8804379179,12
41,wqmbpgahavumbfefc,2022-10-01 05:00:48,48.03,13403.4,125.28115244771394,43.8804379179,13
42,wqmbpgahavumbfefc,2022-10-01 05:01:48,47.19,13404.2,125.2904643078778,43.87728655392976,13
43,wqmbpgahavumbfefc,2022-10-01 05:08:48,33.8,13408.1,125.33944041426372,43.87839519075543,13
44,wqmbpgahavumbfefc,2022-10-01 05:08:48,33.8,13408.1,125.33944041426372,43.87839519075543,14
45,wqmbpgahavumbfefc,2022-10-01 05:10:38,28.68,13409.0,125.34901151949865,43.88185460516001,14
46,wqmbpgahavumbfefc,2022-10-01 05:18:38,58.83,13413.1,125.40128246683764,43.88259884868242,14
47,wqmbpgahavumbfefc,2022-10-01 05:20:18,63.84,13414.8,125.42193156302638,43.8818340246709,14
48,wqmbpgahavumbfefc,2022-10-01 05:21:18,57.54,13415.6,125.42740569569597,43.88247512523196,14
49,wqmbpgahavumbfefc,2022-10-01 05:22:08,62.77,13416.4,125.44089773837308,43.8855860934448,14
50,wqmbpgahavumbfefc,2022-10-01 05:23:48,78.35,13418.0,125.45719251979628,43.8945311832688,14
51,wqmbpgahavumbfefc,2022-10-01 05:24:28,83.02,13418.9,125.46751310818772,43.89856084854159,14
52,wqmbpgahavumbfefc,2022-10-01 05:26:38,111.48,13422.4,125.50787154131332,43.91004813754132,14
53,wqmbpgahavumbfefc,2022-10-01 05:27:48,100.51,13424.4,125.53310316523908,43.913845301860185,14
54,wqmbpgahavumbfefc,2022-10-01 05:28:18,114.8,13425.4,125.54411646399916,43.91643042324248,14
55,wqmbpgahavumbfefc,2022-10-01 05:29:48,90.45,13428.0,125.5739726066223,43.92774606015376,14
56,wqmbpgahavumbfefc,2022-10-01 05:30:48,97.98,13429.6,125.59193746688788,43.93309130984077,14
57,wqmbpgahavumbfefc,2022-10-01 05:31:28,100.91,13430.7,125.60383279300608,43.938150546847496,14
58,wqmbpgahavumbfefc,2022-10-01 05:33:18,104.9,13433.9,125.6361756307094,43.95670442882546,14
59,wqmbpgahavumbfefc,2022-10-01 05:34:18,111.43,13435.6,125.65471302894156,43.96422627867322,14
60,wqmbpgahavumbfefc,2022-10-01 05:36:08,115.36,13439.1,125.69661800034852,43.97457198222693,14
61,wqmbpgahavumbfefc,2022-10-01 05:38:08,99.78,13442.9,125.73949975694,43.98870156543264,14
62,wqmbpgahavumbfefc,2022-10-01 05:38:38,108.67,13443.7,125.75021119980951,43.99052714019764,14
63,wqmbpgahavumbfefc,2022-10-01 05:38:58,110.86,13444.3,125.75783226492572,43.99096059293862,14
64,wqmbpgahavumbfefc,2022-10-01 05:39:28,107.1,13445.2,125.76915545595996,43.99040751502099,14
65,wqmbpgahavumbfefc,2022-10-01 05:39:28,107.1,13445.2,125.76915545595996,43.99040751502099,15
66,wqmbpgahavumbfefc,2022-10-01 05:39:58,108.22,13446.1,125.78006551061378,43.98841525468779,15
67,wqmbpgahavumbfefc,2022-10-01 05:41:28,97.87,13448.8,125.81039016401871,43.97790587638848,15
68,wqmbpgahavumbfefc,2022-10-01 05:42:58,116.88,13451.5,125.84285929624306,43.97021395630403,15
69,wqmbpgahavumbfefc,2022-10-01 05:44:28,122.62,13454.4,125.87879383488716,43.96572966244584,15
70,wqmbpgahavumbfefc,2022-10-01 05:44:58,118.12,13455.4,125.89096347817882,43.96331482485749,15
71,wqmbpgahavumbfefc,2022-10-01 05:45:28,125.26,13456.4,125.90236341226056,43.95907205708414,15
72,wqmbpgahavumbfefc,2022-10-01 05:46:38,108.39,13458.7,125.9252628459195,43.94696897800371,15
73,wqmbpgahavumbfefc,2022-10-01 05:47:08,108.22,13459.6,125.9351368335332,43.94294402781291,15
74,wqmbpgahavumbfefc,2022-10-01 05:47:38,113.28,13460.5,125.94655522851818,43.94001446070227,15
75,wqmbpgahavumbfefc,2022-10-01 05:48:58,111.76,13463.1,125.97801539147402,43.935553156866895,15
76,wqmbpgahavumbfefc,2022-10-01 05:49:38,122.79,13464.3,125.99372648914388,43.93407143494026,15
77,wqmbpgahavumbfefc,2022-10-01 05:51:18,113.0,13467.5,126.03386383909256,43.93317242376686,15
78,wqmbpgahavumbfefc,2022-10-01 05:51:48,108.39,13468.4,126.04449333255442,43.93206229764051,15
79,wqmbpgahavumbfefc,2022-10-01 05:53:08,119.53,13470.9,126.0763835630148,43.92656944903889,15
80,wqmbpgahavumbfefc,2022-10-01 05:54:48,115.42,13474.1,126.11685065912968,43.92455456658714,15
81,wqmbpgahavumbfefc,2022-10-01 05:55:28,110.7,13475.4,126.1327941086336,43.92205964121347,15
82,wqmbpgahavumbfefc,2022-10-01 05:57:08,101.86,13478.4,126.16883066113996,43.914240585256366,15
83,wqmbpgahavumbfefc,2022-10-01 05:57:48,114.8,13479.7,126.18406524048348,43.91279617994538,15
84,wqmbpgahavumbfefc,2022-10-01 05:58:38,113.45,13481.2,126.20331060619765,43.9126599723698,15
85,wqmbpgahavumbfefc,2022-10-01 05:59:18,109.85,13482.4,126.21750143847696,43.91163004274012,15
86,wqmbpgahavumbfefc,2022-10-01 05:59:48,108.45,13483.3,126.23012857985596,43.90963454799703,15
87,wqmbpgahavumbfefc,2022-10-01 06:00:48,108.45,13485.1,126.25042241493291,43.90435064407035,15
88,wqmbpgahavumbfefc,2022-10-01 06:01:28,103.66,13486.3,126.2652284123545,43.90139811803099,15
89,wqmbpgahavumbfefc,2022-10-01 06:03:08,107.94,13489.1,126.30129285828832,43.89916370348613,15
90,wqmbpgahavumbfefc,2022-10-01 06:04:38,107.21,13491.9,126.33510504469751,43.89428004625759,15
91,wqmbpgahavumbfefc,2022-10-01 06:05:18,109.01,13493.1,126.35052126590922,43.89377705131882,15
92,wqmbpgahavumbfefc,2022-10-01 06:07:18,61.14,13496.2,126.38983449525506,43.89605380086159,15
93,wqmbpgahavumbfefc,2022-10-01 06:08:18,88.03,13497.5,126.40508771312533,43.893705551061366,15
94,wqmbpgahavumbfefc,2022-10-01 06:08:38,87.91,13498.0,126.41107207111048,43.89468953634682,15
95,wqmbpgahavumbfefc,2022-10-01 06:08:38,87.91,13498.0,126.41107207111048,43.89468953634682,16
96,wqmbpgahavumbfefc,2022-10-01 06:09:28,64.51,13499.1,126.42298199493372,43.900277625509815,16
97,wqmbpgahavumbfefc,2022-10-01 06:09:28,64.51,13499.1,126.42298199493372,43.900277625509815,17
98,wqmbpgahavumbfefc,2022-10-01 06:09:48,84.88,13499.5,126.42766851211418,43.89888168553365,17
99,wqmbpgahavumbfefc,2022-10-01 06:10:08,88.65,13500.0,126.4311175147108,43.89539559897057,17
100,wqmbpgahavumbfefc,2022-10-01 06:10:08,88.65,13500.0,126.4311175147108,43.89539559897057,18
101,wqmbpgahavumbfefc,2022-10-01 06:10:18,94.16,13500.2,126.43168319902604,43.89311619751092,18
102,wqmbpgahavumbfefc,2022-10-01 06:10:58,97.03,13501.3,126.42996656410092,43.88342294644195,18
103,wqmbpgahavumbfefc,2022-10-01 06:11:48,106.2,13502.8,126.42615927161324,43.87040670100949,18
104,wqmbpgahavumbfefc,2022-10-01 06:12:08,98.88,13503.3,126.42824349995986,43.8655591585358,18
105,wqmbpgahavumbfefc,2022-10-01 06:12:58,98.43,13504.7,126.43628674709628,43.85484958515809,18
106,wqmbpgahavumbfefc,2022-10-01 06:13:48,101.08,13506.0,126.43669800916872,43.8424348488656,18
107,wqmbpgahavumbfefc,2022-10-01 06:16:48,86.34,13511.3,126.47468110280164,43.802874090559406,18
108,wqmbpgahavumbfefc,2022-10-01 06:17:28,91.8,13512.3,126.4836604444108,43.79672406188837,18
109,wqmbpgahavumbfefc,2022-10-01 06:17:28,91.8,13512.3,126.4836604444108,43.79672406188837,19
110,wqmbpgahavumbfefc,2022-10-01 06:18:18,75.2,13513.5,126.49596538894806,43.79119666437259,19
111,wqmbpgahavumbfefc,2022-10-01 06:18:28,90.0,13513.7,126.49757524203828,43.7894837294991,19
112,wqmbpgahavumbfefc,2022-10-01 06:18:28,90.0,13513.7,126.49757524203828,43.7894837294991,20
113,wqmbpgahavumbfefc,2022-10-01 06:18:38,92.81,13514.0,126.49791544182146,43.78721586539227,20
114,wqmbpgahavumbfefc,2022-10-01 06:18:58,109.4,13514.5,126.49498925987592,43.78261992509805,20
115,wqmbpgahavumbfefc,2022-10-01 06:18:58,109.4,13514.5,126.49498925987592,43.78261992509805,21
116,wqmbpgahavumbfefc,2022-10-01 06:19:18,104.17,13515.1,126.49023671644414,43.77829919666768,21
117,wqmbpgahavumbfefc,2022-10-01 06:20:08,103.55,13516.6,126.47578291078662,43.77021761582353,21
118,wqmbpgahavumbfefc,2022-10-01 06:20:28,108.73,13517.2,126.47100730515122,43.76618549415485,21
119,wqmbpgahavumbfefc,2022-10-01 06:20:58,111.6,13518.1,126.46565533100603,43.75849005631541,21
120,wqmbpgahavumbfefc,2022-10-01 06:21:58,102.76,13519.9,126.45877088051084,43.74271417936534,21
121,wqmbpgahavumbfefc,2022-10-01 06:22:58,115.59,13521.8,126.44830219927292,43.72759953982356,21
122,wqmbpgahavumbfefc,2022-10-01 06:23:28,104.68,13522.7,126.44096925403768,43.72118675793116,21
123,wqmbpgahavumbfefc,2022-10-01 06:24:18,105.24,13524.2,126.42668638065793,43.71306113673104,21
124,wqmbpgahavumbfefc,2022-10-01 06:24:38,116.43,13524.8,126.42181479113977,43.70849873514268,21
125,wqmbpgahavumbfefc,2022-10-01 06:25:08,109.91,13525.7,126.4184490053603,43.700531762195055,21
126,wqmbpgahavumbfefc,2022-10-01 06:25:48,97.65,13526.9,126.41792682048111,43.689729611663566,21
127,wqmbpgahavumbfefc,2022-10-01 06:25:58,83.3,13527.2,126.417027255083,43.68751511214639,21
128,wqmbpgahavumbfefc,2022-10-01 06:26:18,63.67,13527.5,126.41373330170612,43.6850859719404,21
129,wqmbpgahavumbfefc,2022-10-01 06:26:18,63.67,13527.5,126.41373330170612,43.6850859719404,22
130,wqmbpgahavumbfefc,2022-10-01 06:26:38,68.0,13527.9,126.4158133985514,43.68214102919052,22
131,wqmbpgahavumbfefc,2022-10-01 06:27:48,66.03,13528.6,126.42203981080284,43.67767426904058,22
132,wqmbpgahavumbfefc,2022-10-01 06:28:58,70.87,13530.1,126.4311282951463,43.66656986799847,22
133,wqmbpgahavumbfefc,2022-10-01 06:29:38,82.12,13530.8,126.43852161421516,43.662430906729874,22
134,wqmbpgahavumbfefc,2022-10-01 06:30:28,87.75,13531.8,126.4503331751656,43.658726904753244,22
135,wqmbpgahavumbfefc,2022-10-01 06:31:28,50.9,13533.1,126.46060987176791,43.65024033619486,22
136,wqmbpgahavumbfefc,2022-10-01 06:33:08,88.81,13535.0,126.4778628888328,43.63847168868328,22
137,wqmbpgahavumbfefc,2022-10-01 06:33:48,44.21,13535.8,126.48618182651347,43.634088449939696,22
138,wqmbpgahavumbfefc,2022-10-01 06:33:58,55.63,13535.9,126.48649437587184,43.63299691274688,22
139,wqmbpgahavumbfefc,2022-10-01 06:33:58,55.63,13535.9,126.48649437587184,43.63299691274688,23
140,wqmbpgahavumbfefc,2022-10-01 06:36:08,87.97,13538.3,126.4792812727176,43.61162261248559,23
141,wqmbpgahavumbfefc,2022-10-01 06:37:18,95.9,13540.1,126.47728468867147,43.595687042004194,23
142,wqmbpgahavumbfefc,2022-10-01 06:38:38,97.2,13542.0,126.46513819678393,43.581169345712354,23
143,wqmbpgahavumbfefc,2022-10-01 06:38:48,100.46,13542.2,126.46419706294678,43.57876234505963,23
144,wqmbpgahavumbfefc,2022-10-01 06:39:18,89.49,13543.0,126.46603864377929,43.57172061677175,23
145,wqmbpgahavumbfefc,2022-10-01 06:39:58,98.94,13544.1,126.46535555660108,43.56205780457616,23
146,wqmbpgahavumbfefc,2022-10-01 06:40:18,93.37,13544.6,126.46662439834688,43.5571857984921,23
147,wqmbpgahavumbfefc,2022-10-01 06:41:08,106.25,13546.0,126.47199727125948,43.54581945440302,23
148,wqmbpgahavumbfefc,2022-10-01 06:41:38,96.8,13546.8,126.47029042378684,43.53831964512447,23
149,wqmbpgahavumbfefc,2022-10-01 06:42:58,90.73,13549.0,126.4758416976974,43.5188316565235,23
150,wqmbpgahavumbfefc,2022-10-01 06:43:58,94.95,13550.5,126.47443197973725,43.50488503288869,23
151,wqmbpgahavumbfefc,2022-10-01 06:44:18,90.45,13551.0,126.47535128903272,43.50026846224822,23
152,wqmbpgahavumbfefc,2022-10-01 06:44:38,92.02,13551.5,126.47773696337153,43.49612236886689,23
153,wqmbpgahavumbfefc,2022-10-01 06:44:38,92.02,13551.5,126.47773696337153,43.49612236886689,24
154,wqmbpgahavumbfefc,2022-10-01 06:47:08,67.44,13555.2,126.50244626692948,43.46771794476084,24
155,wqmbpgahavumbfefc,2022-10-01 06:47:38,92.19,13555.9,126.5034878557819,43.46133856791781,24
156,wqmbpgahavumbfefc,2022-10-01 06:47:38,92.19,13555.9,126.5034878557819,43.46133856791781,25
157,wqmbpgahavumbfefc,2022-10-01 06:48:38,91.4,13557.5,126.49709312929068,43.447309100079295,25
158,wqmbpgahavumbfefc,2022-10-01 06:49:28,96.35,13558.8,126.49889275760496,43.435866676397374,25
159,wqmbpgahavumbfefc,2022-10-01 06:49:38,90.16,13559.1,126.50009528044689,43.43358724913294,25
160,wqmbpgahavumbfefc,2022-10-01 06:49:38,90.16,13559.1,126.50009528044689,43.43358724913294,26
161,wqmbpgahavumbfefc,2022-10-01 06:50:38,94.55,13560.7,126.51145093234172,43.42167126429338,26
162,wqmbpgahavumbfefc,2022-10-01 06:51:38,108.5,13562.4,126.5166646138279,43.40618981221304,26
163,wqmbpgahavumbfefc,2022-10-01 06:52:08,90.11,13563.3,126.52186306990028,43.39965126792492,26
164,wqmbpgahavumbfefc,2022-10-01 06:52:28,100.57,13563.8,126.52382440779668,43.39519092762162,26
165,wqmbpgahavumbfefc,2022-10-01 06:53:38,89.15,13565.5,126.52344568717628,43.379720130189206,26
166,wqmbpgahavumbfefc,2022-10-01 06:54:18,84.99,13566.5,126.52781488371292,43.37116619129581,26
167,wqmbpgahavumbfefc,2022-10-01 06:55:18,93.2,13568.0,126.52910078533544,43.3572564848682,26
168,wqmbpgahavumbfefc,2022-10-01 06:56:28,90.33,13569.8,126.5273543455797,43.34119049971792,26
169,wqmbpgahavumbfefc,2022-10-01 06:56:28,90.33,13569.8,126.5273543455797,43.34119049971792,27
170,wqmbpgahavumbfefc,2022-10-01 06:57:18,95.96,13571.0,126.52354512018024,43.33063027952372,27
171,wqmbpgahavumbfefc,2022-10-01 06:57:28,95.85,13571.2,126.52197721020188,43.32851349726708,27
172,wqmbpgahavumbfefc,2022-10-01 06:58:19,100.18,13572.6,126.50955815936427,43.32070073809663,27
173,wqmbpgahavumbfefc,2022-10-01 06:58:49,105.24,13573.4,126.5065113275342,43.31496631094798,27
174,wqmbpgahavumbfefc,2022-10-01 06:59:39,101.86,13574.8,126.50688660161389,43.301025304455685,27
175,wqmbpgahavumbfefc,2022-10-01 06:59:49,108.78,13575.1,126.50759827333252,43.29854555797565,27
176,wqmbpgahavumbfefc,2022-10-01 06:59:49,108.78,13575.1,126.50759827333252,43.29854555797565,28
177,wqmbpgahavumbfefc,2022-10-01 06:59:59,106.87,13575.4,126.50940527413076,43.29657000376915,28
178,wqmbpgahavumbfefc,2022-10-01 07:00:29,64.91,13576.1,126.5108988112054,43.28901777419379,28
179,wqmbpgahavumbfefc,2022-10-01 07:01:09,92.86,13577.1,126.51407715716792,43.28087951027342,28
180,wqmbpgahavumbfefc,2022-10-01 07:01:29,101.13,13577.6,126.51825309120144,43.27704999569868,28
181,wqmbpgahavumbfefc,2022-10-01 07:01:59,101.98,13578.5,126.52706855563424,43.27289197449274,28
182,wqmbpgahavumbfefc,2022-10-01 07:02:19,102.26,13579.0,126.5294255781642,43.268195057340506,28
183,wqmbpgahavumbfefc,2022-10-01 07:02:19,102.26,13579.0,126.5294255781642,43.268195057340506,29
184,wqmbpgahavumbfefc,2022-10-01 07:03:19,101.08,13580.7,126.5270228622486,43.25307024760667,29
185,wqmbpgahavumbfefc,2022-10-01 07:04:19,93.88,13582.4,126.5274472369545,43.23967893780698,29
186,wqmbpgahavumbfefc,2022-10-01 07:04:59,102.54,13583.5,126.52303580408972,43.22784127124625,29
187,wqmbpgahavumbfefc,2022-10-01 07:05:29,99.39,13584.4,126.52400314114044,43.21971471829381,29
188,wqmbpgahavumbfefc,2022-10-01 07:05:49,85.44,13584.9,126.52658517830788,43.21561688802312,29
189,wqmbpgahavumbfefc,2022-10-01 07:05:49,85.44,13584.9,126.52658517830788,43.21561688802312,30
190,wqmbpgahavumbfefc,2022-10-01 07:06:09,102.54,13585.4,126.53065963456022,43.21193134432417,30
191,wqmbpgahavumbfefc,2022-10-01 07:07:19,107.1,13587.4,126.55014449118836,43.20125875197255,30
192,wqmbpgahavumbfefc,2022-10-01 07:07:39,102.09,13588.0,126.55491662055589,43.19725771272718,30
193,wqmbpgahavumbfefc,2022-10-01 07:07:59,93.6,13588.5,126.55814495259489,43.19271400854097,30
194,wqmbpgahavumbfefc,2022-10-01 07:08:19,78.75,13588.9,126.55956761628065,43.18895379398886,30
195,wqmbpgahavumbfefc,2022-10-01 07:09:09,95.73,13590.3,126.5611677872334,43.17712253671268,30
196,wqmbpgahavumbfefc,2022-10-01 07:10:49,110.19,13593.0,126.57621973807346,43.15416086339041,30
197,wqmbpgahavumbfefc,2022-10-01 07:11:19,110.98,13594.0,126.58290600274812,43.14703773883304,30
198,wqmbpgahavumbfefc,2022-10-01 07:12:39,94.72,13596.3,126.60310460329993,43.13192084554442,30
199,wqmbpgahavumbfefc,2022-10-01 07:13:29,105.18,13597.6,126.61306238841452,43.1223783112885,30
200,wqmbpgahavumbfefc,2022-10-01 07:13:39,111.37,13597.9,126.61513562216804,43.12009160794265,30
201,wqmbpgahavumbfefc,2022-10-01 07:14:09,112.05,13598.9,126.61846826402984,43.11195100573737,30
202,wqmbpgahavumbfefc,2022-10-01 07:14:39,102.26,13599.8,126.62439773004591,43.10487973998909,30
203,wqmbpgahavumbfefc,2022-10-01 07:15:19,107.38,13600.9,126.63561084086028,43.09836272157786,30
204,wqmbpgahavumbfefc,2022-10-01 07:16:09,100.85,13602.5,126.64818190747413,43.08803453402208,30
205,wqmbpgahavumbfefc,2022-10-01 07:16:59,78.46,13603.7,126.65489130618082,43.07816436720002,30
206,wqmbpgahavumbfefc,2022-10-01 07:17:49,98.71,13604.9,126.65798149885929,43.067681812767766,30
207,wqmbpgahavumbfefc,2022-10-01 07:18:19,102.88,13605.7,126.66297043489114,43.06139218824208,30
208,wqmbpgahavumbfefc,2022-10-01 07:18:39,101.53,13606.2,126.6655495457926,43.056493551664985,30
209,wqmbpgahavumbfefc,2022-10-01 07:18:49,98.32,13606.5,126.66758368957818,43.05443778988633,30
210,wqmbpgahavumbfefc,2022-10-01 07:19:29,106.76,13607.6,126.67895190095138,43.04852069783083,30
211,wqmbpgahavumbfefc,2022-10-01 07:20:59,93.09,13610.1,126.70115603256409,43.03336733168113,30
212,wqmbpgahavumbfefc,2022-10-01 07:21:19,87.24,13610.6,126.70340602742884,43.02932255747135,30
213,wqmbpgahavumbfefc,2022-10-01 07:21:39,85.55,13611.0,126.7066703904039,43.025811341485,30
214,wqmbpgahavumbfefc,2022-10-01 07:22:19,99.95,13612.1,126.71134888253384,43.01696003521572,30
215,wqmbpgahavumbfefc,2022-10-01 07:23:09,76.33,13613.4,126.71294166118788,43.00488313618934,30
216,wqmbpgahavumbfefc,2022-10-01 07:23:39,81.61,13613.9,126.71706582404788,43.00109300808312,30
217,wqmbpgahavumbfefc,2022-10-01 07:24:39,75.99,13615.2,126.72105507298302,42.98995174082427,30
218,wqmbpgahavumbfefc,2022-10-01 07:25:19,80.66,13616.1,126.72522818284152,42.982191590292175,30
219,wqmbpgahavumbfefc,2022-10-01 07:26:09,25.42,13616.7,126.7296681072902,42.97747343106441,30
220,wqmbpgahavumbfefc,2022-10-01 07:26:09,25.42,13616.7,126.7296681072902,42.97747343106441,31
221,wqmbpgahavumbfefc,2022-10-01 07:27:49,7.48,13617.3,126.73672103503144,42.97849536332448,31
222,wqmbpgahavumbfefc,2022-10-01 07:27:49,7.48,13617.3,126.73672103503144,42.97849536332448,32
223,wqmbpgahavumbfefc,2022-10-01 07:28:09,32.4,13617.4,126.7377814681106,42.97959127077307,32
224,wqmbpgahavumbfefc,2022-10-01 07:28:09,32.4,13617.4,126.7377814681106,42.97959127077307,33
225,wqmbpgahavumbfefc,2022-10-01 07:28:29,12.2,13617.6,126.73997300757404,42.97901646280447,33
226,wqmbpgahavumbfefc,2022-10-01 07:28:29,12.2,13617.6,126.73997300757404,42.97901646280447,34
227,wqmbpgahavumbfefc,2022-10-01 07:29:39,11.81,13618.1,126.7411514856123,42.97485607460725,34
228,wqmbpgahavumbfefc,2022-10-01 07:29:39,11.81,13618.1,126.7411514856123,42.97485607460725,35
229,wqmbpgahavumbfefc,2022-10-01 07:31:59,0.0,13618.1,126.74025151312271,42.97460064915227,35
230,wqmbpgahavumbfefc,2022-10-01 07:31:59,0.0,13618.1,126.74025151312271,42.97460064915227,36
231,wqmbpgahavumbfefc,2022-10-01 07:49:58,10.29,13618.2,126.74112844538963,42.974740026648746,36
232,wqmbpgahavumbfefc,2022-10-01 07:49:58,10.29,13618.2,126.74112844538963,42.974740026648746,37
233,wqmbpgahavumbfefc,2022-10-01 07:51:38,2.3,13618.4,126.74168377370418,42.97314467494551,37
234,wqmbpgahavumbfefc,2022-10-01 07:51:38,2.3,13618.4,126.74168377370418,42.97314467494551,38
235,wqmbpgahavumbfefc,2022-10-01 08:10:30,0.0,13619.1,126.74043752979982,42.97911093030902,38
236,wqmbpgahavumbfefc,2022-10-01 08:10:30,0.0,13619.1,126.74043752979982,42.97911093030902,39
237,wqmbpgahavumbfefc,2022-10-01 08:12:10,19.63,13619.4,126.73712956677468,42.97873365510449,39
238,wqmbpgahavumbfefc,2022-10-01 08:12:10,19.63,13619.4,126.73712956677468,42.97873365510449,40
239,wqmbpgahavumbfefc,2022-10-01 08:13:00,8.77,13619.8,126.73600573185,42.9825593647523,40
240,wqmbpgahavumbfefc,2022-10-01 08:13:00,8.77,13619.8,126.73600573185,42.9825593647523,41
241,wqmbpgahavumbfefc,2022-10-01 08:33:36,20.08,13620.2,126.73685224844976,42.97886155651191,41
242,wqmbpgahavumbfefc,2022-10-01 08:33:36,20.08,13620.2,126.73685224844976,42.97886155651191,42
243,wqmbpgahavumbfefc,2022-10-01 08:34:26,37.06,13620.7,126.73098916694804,42.97788556502347,42
244,wqmbpgahavumbfefc,2022-10-01 08:34:46,27.16,13620.9,126.72902826529943,42.97854229282985,42
245,wqmbpgahavumbfefc,2022-10-01 08:34:46,27.16,13620.9,126.72902826529943,42.97854229282985,43
246,wqmbpgahavumbfefc,2022-10-01 08:35:26,48.15,13621.3,126.72573729653335,42.98151249578496,43
247,wqmbpgahavumbfefc,2022-10-01 08:36:26,55.01,13622.3,126.72128746861952,42.98964988472407,43
248,wqmbpgahavumbfefc,2022-10-01 08:37:46,67.78,13623.6,126.71711896306584,43.001306142552686,43
249,wqmbpgahavumbfefc,2022-10-01 08:38:26,64.23,13624.3,126.71304804824034,43.00596463633449,43
250,wqmbpgahavumbfefc,2022-10-01 08:39:16,75.15,13625.2,126.712098256833,43.01495037445403,43
251,wqmbpgahavumbfefc,2022-10-01 08:39:36,82.35,13625.7,126.71070166353728,43.018570687544354,43
252,wqmbpgahavumbfefc,2022-10-01 08:40:16,74.75,13626.6,126.70646498753902,43.02639623005115,43
253,wqmbpgahavumbfefc,2022-10-01 08:41:06,74.08,13627.6,126.70048446591544,43.03420152407495,43
254,wqmbpgahavumbfefc,2022-10-01 08:42:16,76.78,13629.1,126.68602155957328,43.04320726195802,43
255,wqmbpgahavumbfefc,2022-10-01 08:42:56,66.54,13629.9,126.67949336526598,43.048328665420414,43
256,wqmbpgahavumbfefc,2022-10-01 08:43:46,97.03,13631.0,126.66825042964456,43.05406494901806,43
257,wqmbpgahavumbfefc,2022-10-01 08:43:56,100.01,13631.3,126.6661039496446,43.0559854490675,43
258,wqmbpgahavumbfefc,2022-10-01 08:44:26,87.75,13632.0,126.66232994140957,43.06266037385837,43
259,wqmbpgahavumbfefc,2022-10-01 08:44:56,87.41,13632.8,126.65781916665188,43.06822267997193,43
260,wqmbpgahavumbfefc,2022-10-01 08:45:56,71.94,13633.9,126.65504067195089,43.0781646373916,43
261,wqmbpgahavumbfefc,2022-10-01 08:46:46,84.09,13635.0,126.64859380127696,43.08777015781947,43
262,wqmbpgahavumbfefc,2022-10-01 08:47:56,85.61,13636.6,126.636396238993,43.09810991339895,43
263,wqmbpgahavumbfefc,2022-10-01 08:48:46,113.23,13638.0,126.62368880518169,43.10539644234499,43
264,wqmbpgahavumbfefc,2022-10-01 08:49:16,107.94,13638.9,126.6172355337908,43.11285851484246,43
265,wqmbpgahavumbfefc,2022-10-01 08:49:46,102.93,13639.8,126.61394841035607,43.12102318636788,43
266,wqmbpgahavumbfefc,2022-10-01 08:49:56,101.58,13640.1,126.61200934399734,43.12329662605321,43
267,wqmbpgahavumbfefc,2022-10-01 08:50:46,87.41,13641.3,126.60246069263536,43.132585872176605,43
268,wqmbpgahavumbfefc,2022-10-01 08:52:06,92.58,13643.4,126.58430217439724,43.145972607510174,43
269,wqmbpgahavumbfefc,2022-10-01 08:52:46,88.03,13644.4,126.57696539881869,43.1533359642413,43
270,wqmbpgahavumbfefc,2022-10-01 08:54:36,75.48,13647.3,126.56138918262636,43.17682411675762,43
271,wqmbpgahavumbfefc,2022-10-01 08:55:36,57.93,13648.6,126.5598308989887,43.18877131939029,43
272,wqmbpgahavumbfefc,2022-10-01 08:56:16,90.45,13649.5,126.55559958249424,43.19666334023096,43
273,wqmbpgahavumbfefc,2022-10-01 08:56:46,89.77,13650.3,126.54954045232132,43.201765081183886,43
274,wqmbpgahavumbfefc,2022-10-01 08:57:56,101.25,13652.1,126.53135689068486,43.21157546086237,43
275,wqmbpgahavumbfefc,2022-10-01 08:58:16,96.63,13652.6,126.52705723619256,43.21517352908338,43
276,wqmbpgahavumbfefc,2022-10-01 08:58:36,101.02,13653.2,126.52403703299888,43.21991466289299,43
277,wqmbpgahavumbfefc,2022-10-01 08:59:06,82.68,13653.9,126.52296635312398,43.22664187416564,43
278,wqmbpgahavumbfefc,2022-10-01 08:59:06,82.68,13653.9,126.52296635312398,43.22664187416564,44
279,wqmbpgahavumbfefc,2022-10-01 09:00:16,94.1,13655.6,126.52785886722955,43.24147113674688,44
280,wqmbpgahavumbfefc,2022-10-01 09:00:56,99.84,13656.7,126.52705850364228,43.25157391888483,44
281,wqmbpgahavumbfefc,2022-10-01 09:02:16,90.22,13658.8,126.52910814217236,43.270409198684646,44
282,wqmbpgahavumbfefc,2022-10-01 09:02:16,90.22,13658.8,126.52910814217236,43.270409198684646,45
283,wqmbpgahavumbfefc,2022-10-01 09:02:36,93.2,13659.3,126.5256344478895,43.274025005441466,45
284,wqmbpgahavumbfefc,2022-10-01 09:03:06,96.91,13660.1,126.51693871562122,43.27801488067828,45
285,wqmbpgahavumbfefc,2022-10-01 09:03:26,91.8,13660.6,126.51357445598876,43.2820851216888,45
286,wqmbpgahavumbfefc,2022-10-01 09:04:56,91.8,13662.7,126.50731669515724,43.30003954565158,45
287,wqmbpgahavumbfefc,2022-10-01 09:05:56,91.18,13664.3,126.50657795264756,43.31435306182808,45
288,wqmbpgahavumbfefc,2022-10-01 09:05:56,91.18,13664.3,126.50657795264756,43.31435306182808,46
289,wqmbpgahavumbfefc,2022-10-01 09:06:16,68.68,13664.7,126.50766814450724,43.317882278543166,46
290,wqmbpgahavumbfefc,2022-10-01 09:06:36,79.25,13665.1,126.51040465045558,43.32136129173924,46
291,wqmbpgahavumbfefc,2022-10-01 09:07:26,89.83,13666.2,126.521247086749,43.32768848534623,46
292,wqmbpgahavumbfefc,2022-10-01 09:07:46,108.45,13666.8,126.52443175521375,43.33220693588044,46
293,wqmbpgahavumbfefc,2022-10-01 09:08:16,111.26,13667.7,126.52726955173004,43.340291681893255,46
294,wqmbpgahavumbfefc,2022-10-01 09:09:16,95.0,13669.5,126.52927898107428,43.35653499208796,46
295,wqmbpgahavumbfefc,2022-10-01 09:10:06,102.65,13670.9,126.52828777901256,43.36956190876036,46
296,wqmbpgahavumbfefc,2022-10-01 09:10:46,101.98,13672.1,126.5236269122347,43.379461629343176,46
297,wqmbpgahavumbfefc,2022-10-01 09:12:06,99.73,13674.0,126.52354779327456,43.39697565253771,46
298,wqmbpgahavumbfefc,2022-10-01 09:12:06,99.73,13674.0,126.52354779327456,43.39697565253771,47
299,wqmbpgahavumbfefc,2022-10-01 09:12:46,104.73,13675.1,126.51679208281556,43.40621444489516,47
300,wqmbpgahavumbfefc,2022-10-01 09:13:46,102.76,13676.9,126.51150568718757,43.42159777211651,47
301,wqmbpgahavumbfefc,2022-10-01 09:14:36,106.87,13678.4,126.50053732727775,43.433167957452,47
302,wqmbpgahavumbfefc,2022-10-01 09:14:56,95.73,13679.0,126.49845695105678,43.438112806101685,47
303,wqmbpgahavumbfefc,2022-10-01 09:15:36,90.9,13680.1,126.49731723946672,43.44774539060213,47
304,wqmbpgahavumbfefc,2022-10-01 09:15:36,90.9,13680.1,126.49731723946672,43.44774539060213,48
305,wqmbpgahavumbfefc,2022-10-01 09:16:36,97.2,13681.7,126.50356757838588,43.46177428154171,48
306,wqmbpgahavumbfefc,2022-10-01 09:16:56,79.65,13682.2,126.50310527965516,43.466628105433486,48
307,wqmbpgahavumbfefc,2022-10-01 09:16:56,79.65,13682.2,126.50310527965516,43.466628105433486,49
308,wqmbpgahavumbfefc,2022-10-01 09:17:16,93.82,13682.7,126.50084451335884,43.47029742024284,49
309,wqmbpgahavumbfefc,2022-10-01 09:19:16,82.63,13686.0,126.47810049952275,43.49581140378013,49
310,wqmbpgahavumbfefc,2022-10-01 09:19:46,78.86,13686.7,126.47508597157264,43.50140983292309,49
311,wqmbpgahavumbfefc,2022-10-01 09:20:06,79.36,13687.1,126.47451871143426,43.50528872752198,49
312,wqmbpgahavumbfefc,2022-10-01 09:21:16,93.43,13688.7,126.47587069260688,43.51953844203414,49
313,wqmbpgahavumbfefc,2022-10-01 09:22:16,98.26,13690.3,126.47101418530812,43.5344195691137,49
314,wqmbpgahavumbfefc,2022-10-01 09:22:36,91.23,13690.9,126.47047288385446,43.53915998180223,49
315,wqmbpgahavumbfefc,2022-10-01 09:23:06,93.43,13691.6,126.47211387168012,43.54604109242622,49
316,wqmbpgahavumbfefc,2022-10-01 09:23:56,94.21,13692.9,126.4666891938559,43.55733859672098,49
317,wqmbpgahavumbfefc,2022-10-01 09:24:16,107.6,13693.5,126.46547219804326,43.562357437239314,49
318,wqmbpgahavumbfefc,2022-10-01 09:24:56,98.32,13694.6,126.46602184560749,43.572668410318855,49
319,wqmbpgahavumbfefc,2022-10-01 09:25:26,91.85,13695.4,126.4643605577597,43.57911484415448,49
320,wqmbpgahavumbfefc,2022-10-01 09:25:26,91.85,13695.4,126.4643605577597,43.57911484415448,50
321,wqmbpgahavumbfefc,2022-10-01 09:27:06,85.5,13697.6,126.47773605062712,43.59647555379369,50
322,wqmbpgahavumbfefc,2022-10-01 09:28:06,95.51,13699.0,126.47893931312623,43.60958721104116,50
323,wqmbpgahavumbfefc,2022-10-01 09:31:06,27.56,13701.7,126.4868141752071,43.633779712125445,50
324,wqmbpgahavumbfefc,2022-10-01 09:31:06,27.56,13701.7,126.4868141752071,43.633779712125445,51
325,wqmbpgahavumbfefc,2022-10-01 09:32:06,79.65,13703.1,126.47330126095378,43.64156568155706,51
326,wqmbpgahavumbfefc,2022-10-01 09:34:06,65.41,13704.7,126.45909193891951,43.65135849630231,51
327,wqmbpgahavumbfefc,2022-10-01 09:35:06,69.35,13705.8,126.4502424398377,43.658820054359325,51
328,wqmbpgahavumbfefc,2022-10-01 09:36:06,73.96,13706.7,126.4390075516774,43.66224820366036,51
329,wqmbpgahavumbfefc,2022-10-01 09:36:36,91.8,13707.4,126.43206658588346,43.66588692015917,51
330,wqmbpgahavumbfefc,2022-10-01 09:36:56,70.65,13707.8,126.4286875797524,43.66889494182583,51
331,wqmbpgahavumbfefc,2022-10-01 09:37:46,75.03,13709.0,126.4214875274764,43.67831648766568,51
332,wqmbpgahavumbfefc,2022-10-01 09:38:46,65.58,13709.7,126.41562064421882,43.68279487970546,51
333,wqmbpgahavumbfefc,2022-10-01 09:38:46,65.58,13709.7,126.41562064421882,43.68279487970546,52
334,wqmbpgahavumbfefc,2022-10-01 09:38:56,72.67,13709.9,126.41558992645643,43.68448621712933,52
335,wqmbpgahavumbfefc,2022-10-01 10:04:46,110.13,13754.1,126.23188173943991,43.90944232680913,52
336,wqmbpgahavumbfefc,2022-10-01 10:04:46,110.13,13754.1,126.23188173943991,43.90944232680913,53
337,wqmbpgahavumbfefc,2022-10-01 10:05:36,111.2,13755.6,126.21307670350171,43.91227671872007,53
338,wqmbpgahavumbfefc,2022-10-01 10:06:46,113.79,13757.8,126.18587440277076,43.91281590495001,53
339,wqmbpgahavumbfefc,2022-10-01 10:07:26,92.7,13759.0,126.17129199536647,43.913986135659,53
340,wqmbpgahavumbfefc,2022-10-01 10:09:16,116.15,13762.4,126.13040837094346,43.92272322858125,53
341,wqmbpgahavumbfefc,2022-10-01 10:09:46,110.47,13763.3,126.11880078874246,43.924497066491135,53
342,wqmbpgahavumbfefc,2022-10-01 10:11:36,113.85,13766.8,126.075363529183,43.92679228257245,53
343,wqmbpgahavumbfefc,2022-10-01 10:12:46,112.33,13768.9,126.0492968175449,43.93146002826926,53
344,wqmbpgahavumbfefc,2022-10-01 10:13:26,116.55,13770.1,126.03365669504444,43.93335617560868,53
345,wqmbpgahavumbfefc,2022-10-01 10:15:26,119.02,13773.9,125.98544738761665,43.93480119070601,53
346,wqmbpgahavumbfefc,2022-10-01 10:16:56,113.11,13776.9,125.94917162145906,43.93974584371625,53
347,wqmbpgahavumbfefc,2022-10-01 10:17:26,107.15,13777.8,125.9378245425618,43.94225959633921,53
348,wqmbpgahavumbfefc,2022-10-01 10:17:46,118.29,13778.4,125.93081247281388,43.94464995280339,53
349,wqmbpgahavumbfefc,2022-10-01 10:19:16,113.68,13781.2,125.90169318893882,43.95955874588934,53
350,wqmbpgahavumbfefc,2022-10-01 10:19:46,119.3,13782.2,125.89094552960422,43.96345674695709,53
351,wqmbpgahavumbfefc,2022-10-01 10:20:06,116.21,13782.9,125.88297271776226,43.96525946200111,53
352,wqmbpgahavumbfefc,2022-10-01 10:21:46,121.66,13786.2,125.84122069462713,43.970665622204,53
353,wqmbpgahavumbfefc,2022-10-01 10:23:16,105.41,13788.9,125.80942406997696,43.97832730368279,53
354,wqmbpgahavumbfefc,2022-10-01 10:24:26,113.0,13791.0,125.78515256708268,43.987142307713874,53
355,wqmbpgahavumbfefc,2022-10-01 10:24:56,114.52,13792.0,125.77428529875904,43.98987388173468,53
356,wqmbpgahavumbfefc,2022-10-01 10:25:26,117.0,13792.9,125.7624777055008,43.99104388817753,53
357,wqmbpgahavumbfefc,2022-10-01 10:25:46,114.01,13793.5,125.75451210944271,43.99097127412047,53
358,wqmbpgahavumbfefc,2022-10-01 10:26:26,112.55,13794.8,125.73910062642064,43.98872138212952,53
359,wqmbpgahavumbfefc,2022-10-01 10:28:26,114.01,13798.5,125.69603784929171,43.9744860508868,53
360,wqmbpgahavumbfefc,2022-10-01 10:29:56,107.88,13801.3,125.66246977783568,43.96654223808702,53
361,wqmbpgahavumbfefc,2022-10-01 10:30:26,113.11,13802.2,125.65163498767927,43.96330834639852,53
362,wqmbpgahavumbfefc,2022-10-01 10:30:26,113.11,13802.2,125.65163498767927,43.96330834639852,54
363,wqmbpgahavumbfefc,2022-10-01 10:31:16,88.2,13803.6,125.63678449777046,43.95712605059119,54
364,wqmbpgahavumbfefc,2022-10-01 10:33:06,102.71,13806.8,125.60532846888404,43.93906446523968,54
365,wqmbpgahavumbfefc,2022-10-01 10:33:46,97.2,13807.9,125.5935749020504,43.93377856583236,54
366,wqmbpgahavumbfefc,2022-10-01 10:34:46,112.16,13809.6,125.57307653187884,43.92761309375207,54
367,wqmbpgahavumbfefc,2022-10-01 10:35:46,105.46,13811.4,125.5533143368441,43.91959155475567,54
368,wqmbpgahavumbfefc,2022-10-01 10:36:16,115.98,13812.4,125.54254715696594,43.91612313524615,54
369,wqmbpgahavumbfefc,2022-10-01 10:37:56,103.05,13815.4,125.5058463200071,43.909719349299685,54
370,wqmbpgahavumbfefc,2022-10-01 10:40:06,79.93,13818.8,125.46599422248964,43.89816794305096,54
371,wqmbpgahavumbfefc,2022-10-01 10:40:46,87.3,13819.8,125.455583104975,43.89393313681131,54
372,wqmbpgahavumbfefc,2022-10-01 10:42:36,77.28,13821.3,125.43992976408134,43.88536937939469,54
373,wqmbpgahavumbfefc,2022-10-01 10:43:16,75.31,13822.1,125.43050015385612,43.882542592541206,54
374,wqmbpgahavumbfefc,2022-10-01 10:54:26,46.35,13828.6,125.34890125273508,43.88198333790181,54
375,wqmbpgahavumbfefc,2022-10-01 10:57:06,36.9,13829.4,125.33966705511338,43.87855152531618,54
376,wqmbpgahavumbfefc,2022-10-01 11:02:56,21.76,13830.6,125.32523861415385,43.87822917051047,54
377,wqmbpgahavumbfefc,2022-10-01 11:02:56,21.76,13830.6,125.32523861415385,43.87822917051047,55
378,wqmbpgahavumbfefc,2022-10-01 11:03:46,27.16,13831.0,125.32451100622606,43.87418308801355,55
379,wqmbpgahavumbfefc,2022-10-01 11:03:46,27.16,13831.0,125.32451100622606,43.87418308801355,56
380,wqmbpgahavumbfefc,2022-10-01 11:06:26,15.86,13831.7,125.31591123108674,43.874119818385424,56
381,wqmbpgahavumbfefc,2022-10-01 11:06:26,15.86,13831.7,125.31591123108674,43.874119818385424,57
382,wqmbpgahavumbfefc,2022-10-01 11:08:26,1.91,13832.0,125.31557770313904,43.87622199604173,57
383,wqmbpgahavumbfefc,2022-10-01 11:08:26,1.91,13832.0,125.31557770313904,43.87622199604173,58
384,wqmbpgahavumbfefc,2022-10-01 11:17:16,30.65,13832.3,125.31541593775071,43.87401595514771,58
385,wqmbpgahavumbfefc,2022-10-01 11:17:16,30.65,13832.3,125.31541593775071,43.87401595514771,59
386,wqmbpgahavumbfefc,2022-10-01 11:19:26,37.29,13832.9,125.3077668138137,43.87371923728532,59
387,wqmbpgahavumbfefc,2022-10-01 11:19:26,37.29,13832.9,125.3077668138137,43.87371923728532,60
388,wqmbpgahavumbfefc,2022-10-01 11:22:36,17.04,13833.8,125.30787169118872,43.86500437196162,60
389,wqmbpgahavumbfefc,2022-10-01 11:23:26,37.8,13834.1,125.30673565615687,43.86299750990634,60
390,wqmbpgahavumbfefc,2022-10-01 11:23:26,37.8,13834.1,125.30673565615687,43.86299750990634,61
391,wqmbpgahavumbfefc,2022-10-01 11:23:56,20.98,13834.4,125.30449516151242,43.86150947489989,61
392,wqmbpgahavumbfefc,2022-10-01 11:23:56,20.98,13834.4,125.30449516151242,43.86150947489989,62
393,wqmbpgahavumbfefc,2022-10-01 11:27:16,0.0,13834.8,125.2995254075021,43.86399280743461,62
394,wqmbpgahavumbfefc,2022-10-01 11:42:28,19.96,13835.1,125.29740720487534,43.86595932415416,62
395,wqmbpgahavumbfefc,2022-10-01 11:44:58,8.38,13835.4,125.29435802774604,43.86626047684672,62
396,wqmbpgahavumbfefc,2022-10-01 11:44:58,8.38,13835.4,125.29435802774604,43.86626047684672,63
397,wqmbpgahavumbfefc,2022-10-01 11:49:28,18.39,13836.0,125.29902131683016,43.87032240950811,63
398,wqmbpgahavumbfefc,2022-10-01 11:49:28,18.39,13836.0,125.29902131683016,43.87032240950811,64
399,wqmbpgahavumbfefc,2022-10-01 11:50:48,53.77,13837.1,125.2902459832586,43.87777097149908,64
400,wqmbpgahavumbfefc,2022-10-01 11:52:18,32.73,13838.2,125.27864124667404,43.88233108215634,64
401,wqmbpgahavumbfefc,2022-10-01 11:52:18,32.73,13838.2,125.27864124667404,43.88233108215634,65
402,wqmbpgahavumbfefc,2022-10-01 11:53:28,16.42,13839.0,125.2757624300669,43.87607242778736,65
403,wqmbpgahavumbfefc,2022-10-01 11:53:58,23.17,13839.2,125.2732645652938,43.874883153015205,65
404,wqmbpgahavumbfefc,2022-10-01 11:53:58,23.17,13839.2,125.2732645652938,43.874883153015205,66
405,wqmbpgahavumbfefc,2022-10-01 11:54:18,31.44,13839.4,125.27194238630204,43.87623724895236,66
406,wqmbpgahavumbfefc,2022-10-01 11:54:18,31.44,13839.4,125.27194238630204,43.87623724895236,67
407,wqmbpgahavumbfefc,2022-10-01 11:54:48,16.98,13839.7,125.26904457392337,43.87586019872022,67
408,wqmbpgahavumbfefc,2022-10-01 11:54:48,16.98,13839.7,125.26904457392337,43.87586019872022,68
409,wqmbpgahavumbfefc,2022-10-01 11:55:28,24.58,13839.8,125.26797282070764,43.87688484919202,68
410,wqmbpgahavumbfefc,2022-10-02 11:14:41,5.85,13840.1,125.26785807826782,43.87912848452129,68
411,wqmbpgahavumbfefc,2022-10-02 11:14:41,5.85,13840.1,125.26785807826782,43.87912848452129,69
412,wqmbpgahavumbfefc,2022-10-02 11:16:51,10.46,13840.4,125.27121770471793,43.879708000477386,69
413,wqmbpgahavumbfefc,2022-10-02 11:16:51,10.46,13840.4,125.27121770471793,43.879708000477386,70
414,wqmbpgahavumbfefc,2022-10-02 11:17:31,9.78,13840.7,125.27176345476948,43.87783218774519,70
415,wqmbpgahavumbfefc,2022-10-02 11:17:31,9.78,13840.7,125.27176345476948,43.87783218774519,71
416,wqmbpgahavumbfefc,2022-10-02 11:19:11,15.01,13841.0,125.27572883983964,43.87780274719439,71
417,wqmbpgahavumbfefc,2022-10-02 11:19:11,15.01,13841.0,125.27572883983964,43.87780274719439,72
418,wqmbpgahavumbfefc,2022-10-02 11:24:21,26.38,13841.3,125.27586264672688,43.87554616701754,72
419,wqmbpgahavumbfefc,2022-10-02 11:24:21,26.38,13841.3,125.27586264672688,43.87554616701754,73
420,wqmbpgahavumbfefc,2022-10-02 11:25:21,4.27,13841.7,125.2776053632167,43.87899492298253,73
421,wqmbpgahavumbfefc,2022-10-02 11:25:21,4.27,13841.7,125.2776053632167,43.87899492298253,74
422,wqmbpgahavumbfefc,2022-10-02 11:26:01,31.61,13841.9,125.27610117727755,43.878155570106216,74
423,wqmbpgahavumbfefc,2022-10-02 11:26:01,31.61,13841.9,125.27610117727755,43.878155570106216,75
424,wqmbpgahavumbfefc,2022-10-02 11:27:01,42.35,13842.5,125.27500310131384,43.87220125895634,75
425,wqmbpgahavumbfefc,2022-10-02 11:27:51,36.0,13843.2,125.26905236301322,43.86809762528935,75
426,wqmbpgahavumbfefc,2022-10-02 11:28:11,44.04,13843.4,125.26888895407896,43.86640246701303,75
427,wqmbpgahavumbfefc,2022-10-02 11:28:11,44.04,13843.4,125.26888895407896,43.86640246701303,76
428,wqmbpgahavumbfefc,2022-10-02 11:30:41,56.02,13845.8,125.28906655463123,43.8504347843264,76
429,wqmbpgahavumbfefc,2022-10-02 11:30:41,56.02,13845.8,125.28906655463123,43.8504347843264,77
430,wqmbpgahavumbfefc,2022-10-02 11:32:51,44.32,13847.7,125.28934736627664,43.83329460615687,77
431,wqmbpgahavumbfefc,2022-10-02 11:32:51,44.32,13847.7,125.28934736627664,43.83329460615687,78
432,wqmbpgahavumbfefc,2022-10-02 11:33:01,46.91,13847.8,125.29037510630032,43.83249446428936,78
433,wqmbpgahavumbfefc,2022-10-02 11:33:01,46.91,13847.8,125.29037510630032,43.83249446428936,79
434,wqmbpgahavumbfefc,2022-10-02 11:42:41,28.57,13855.8,125.39189374828396,43.833706816065735,79
435,wqmbpgahavumbfefc,2022-10-02 11:48:01,17.1,13856.1,125.39554684644776,43.83273973918668,79
436,wqmbpgahavumbfefc,2022-10-02 11:48:01,17.1,13856.1,125.39554684644776,43.83273973918668,80
437,wqmbpgahavumbfefc,2022-10-02 11:49:31,9.05,13857.0,125.40320415767664,43.83879951359796,80
438,wqmbpgahavumbfefc,2022-10-02 11:50:51,23.62,13857.3,125.40650805622494,43.83947581950663,80
439,wqmbpgahavumbfefc,2022-10-02 11:50:51,23.62,13857.3,125.40650805622494,43.83947581950663,81
440,wqmbpgahavumbfefc,2022-10-02 11:51:21,28.68,13857.5,125.40897814568744,43.83908647457629,81
441,wqmbpgahavumbfefc,2022-10-02 11:53:51,35.71,13859.0,125.4248609966414,43.83332648586147,81
442,wqmbpgahavumbfefc,2022-10-02 11:57:51,38.92,13860.4,125.43780791660356,43.824069986142845,81
443,wqmbpgahavumbfefc,2022-10-02 11:57:51,38.92,13860.4,125.43780791660356,43.824069986142845,82
444,wqmbpgahavumbfefc,2022-10-02 12:00:31,23.11,13862.0,125.44764087932936,43.811519511062656,82
445,wqmbpgahavumbfefc,2022-10-02 12:22:41,0.61,13863.1,125.45276021441455,43.80216003739073,82
446,wqmbpgahavumbfefc,2022-10-02 12:22:41,0.61,13863.1,125.45276021441455,43.80216003739073,83
447,wqmbpgahavumbfefc,2022-10-02 12:23:51,0.0,13863.1,125.45412865468728,43.80248142833908,83
448,wqmbpgahavumbfefc,2022-10-02 12:23:51,0.0,13863.1,125.45412865468728,43.80248142833908,84
449,wqmbpgahavumbfefc,2022-10-02 12:24:51,0.0,13863.1,125.4529327699114,43.80231159230901,84
450,wqmbpgahavumbfefc,2022-10-02 12:24:51,0.0,13863.1,125.4529327699114,43.80231159230901,85
451,wqmbpgahavumbfefc,2022-10-02 12:32:41,3.48,13863.4,125.45145316846292,43.80499529739419,85
452,wqmbpgahavumbfefc,2022-10-02 12:32:41,3.48,13863.4,125.45145316846292,43.80499529739419,86
453,wqmbpgahavumbfefc,2022-10-02 12:38:11,0.22,13863.5,125.45224415296812,43.80555935128157,86
454,wqmbpgahavumbfefc,2022-10-02 12:38:11,0.22,13863.5,125.45224415296812,43.80555935128157,87
455,wqmbpgahavumbfefc,2022-10-02 14:59:09,6.91,13863.7,125.45145419193582,43.805158210045214,87
456,wqmbpgahavumbfefc,2022-10-02 14:59:09,6.91,13863.7,125.45145419193582,43.805158210045214,88
457,wqmbpgahavumbfefc,2022-10-02 15:02:09,35.38,13864.4,125.4478244524554,43.81164109093078,88
458,wqmbpgahavumbfefc,2022-10-02 15:06:39,40.5,13866.1,125.43721011961932,43.82477352653734,88
459,wqmbpgahavumbfefc,2022-10-02 15:08:49,33.52,13867.5,125.4248400519724,43.8335363923469,88
460,wqmbpgahavumbfefc,2022-10-02 15:08:49,33.52,13867.5,125.4248400519724,43.8335363923469,89
461,wqmbpgahavumbfefc,2022-10-02 15:11:09,17.32,13868.6,125.41294942878906,43.83807056037659,89
462,wqmbpgahavumbfefc,2022-10-02 15:13:49,10.57,13869.1,125.40642007869364,43.8396917158688,89
463,wqmbpgahavumbfefc,2022-10-02 15:14:19,34.53,13869.3,125.40532207221958,43.84085623278556,89
464,wqmbpgahavumbfefc,2022-10-02 15:14:39,13.1,13869.5,125.40305038068908,43.84050957808232,89
465,wqmbpgahavumbfefc,2022-10-02 15:14:39,13.1,13869.5,125.40305038068908,43.84050957808232,90
466,wqmbpgahavumbfefc,2022-10-02 15:15:19,54.16,13869.8,125.40213765230276,43.83812188649955,90
467,wqmbpgahavumbfefc,2022-10-02 15:15:59,39.03,13870.3,125.39743551302765,43.834475295735146,90
468,wqmbpgahavumbfefc,2022-10-02 15:15:59,39.03,13870.3,125.39743551302765,43.834475295735146,91
469,wqmbpgahavumbfefc,2022-10-02 15:16:19,46.01,13870.5,125.3949795718057,43.83386694506978,91
470,wqmbpgahavumbfefc,2022-10-02 15:29:09,37.46,13878.8,125.29102737502716,43.83289716235077,91
471,wqmbpgahavumbfefc,2022-10-02 15:29:09,37.46,13878.8,125.29102737502716,43.83289716235077,92
472,wqmbpgahavumbfefc,2022-10-02 15:29:19,39.99,13878.9,125.29023303460951,43.833696611299615,92
473,wqmbpgahavumbfefc,2022-10-02 15:31:49,53.43,13880.7,125.28943616601282,43.850111469743,92
474,wqmbpgahavumbfefc,2022-10-02 15:34:09,59.85,13882.9,125.27063628233148,43.864684760604064,92
475,wqmbpgahavumbfefc,2022-10-02 15:34:29,32.28,13883.2,125.26890908433582,43.86712107453965,92
476,wqmbpgahavumbfefc,2022-10-02 15:34:29,32.28,13883.2,125.26890908433582,43.86712107453965,93
477,wqmbpgahavumbfefc,2022-10-02 15:35:49,48.2,13883.9,125.2752113375072,43.87215148289288,93
478,wqmbpgahavumbfefc,2022-10-02 15:37:09,32.79,13884.8,125.27764740833916,43.878936999162974,93
479,wqmbpgahavumbfefc,2022-10-02 15:37:09,32.79,13884.8,125.27764740833916,43.878936999162974,94
480,wqmbpgahavumbfefc,2022-10-02 15:37:19,44.21,13884.9,125.27675327188626,43.87893010173869,94
481,wqmbpgahavumbfefc,2022-10-02 15:37:19,44.21,13884.9,125.27675327188626,43.87893010173869,95
482,wqmbpgahavumbfefc,2022-10-02 15:37:49,21.26,13885.2,125.27554725865475,43.87548489955204,95
483,wqmbpgahavumbfefc,2022-10-02 15:37:49,21.26,13885.2,125.27554725865475,43.87548489955204,96
484,wqmbpgahavumbfefc,2022-10-02 15:38:29,6.8,13885.4,125.27320449632512,43.87485811467873,96
485,wqmbpgahavumbfefc,2022-10-02 15:38:29,6.8,13885.4,125.27320449632512,43.87485811467873,97
486,wqmbpgahavumbfefc,2022-10-02 15:38:59,29.86,13885.6,125.27186131139256,43.876286153629934,97
487,wqmbpgahavumbfefc,2022-10-02 15:38:59,29.86,13885.6,125.27186131139256,43.876286153629934,98
488,wqmbpgahavumbfefc,2022-10-02 15:39:39,9.56,13885.9,125.2688254021414,43.87598596738804,98
489,wqmbpgahavumbfefc,2022-10-02 15:39:39,9.56,13885.9,125.2688254021414,43.87598596738804,99
490,wqmbpgahavumbfefc,2022-10-06 09:23:59,9.45,13886.3,125.267863081277,43.87912149198035,99
491,wqmbpgahavumbfefc,2022-10-06 09:23:59,9.45,13886.3,125.267863081277,43.87912149198035,100
492,wqmbpgahavumbfefc,2022-10-06 09:25:59,20.02,13886.6,125.27152954453004,43.879903807712495,100
493,wqmbpgahavumbfefc,2022-10-06 09:25:59,20.02,13886.6,125.27152954453004,43.879903807712495,101
494,wqmbpgahavumbfefc,2022-10-06 09:27:49,9.95,13887.0,125.27168525929002,43.88346089064535,101
495,wqmbpgahavumbfefc,2022-10-06 09:27:49,9.95,13887.0,125.27168525929002,43.88346089064535,102
496,wqmbpgahavumbfefc,2022-10-06 09:28:09,13.5,13887.1,125.272443082664,43.88375035773164,102
497,wqmbpgahavumbfefc,2022-10-06 09:28:09,13.5,13887.1,125.272443082664,43.88375035773164,103
498,wqmbpgahavumbfefc,2022-10-06 09:29:09,34.87,13887.7,125.27836469314788,43.881148471613415,103
499,wqmbpgahavumbfefc,2022-10-06 09:29:09,34.87,13887.7,125.27836469314788,43.881148471613415,104
500,wqmbpgahavumbfefc,2022-10-06 09:29:39,59.68,13888.1,125.27647578691932,43.87803733898068,104
501,wqmbpgahavumbfefc,2022-10-06 09:30:29,46.35,13888.8,125.2746576157868,43.87165824689103,104
502,wqmbpgahavumbfefc,2022-10-06 09:31:09,52.87,13889.4,125.2692595769115,43.868292666973446,104
503,wqmbpgahavumbfefc,2022-10-06 09:31:19,49.1,13889.5,125.26871291222618,43.86710893958136,104
504,wqmbpgahavumbfefc,2022-10-06 09:31:19,49.1,13889.5,125.26871291222618,43.86710893958136,105
505,wqmbpgahavumbfefc,2022-10-06 09:31:49,52.25,13889.9,125.27124276159996,43.86398264100593,105
506,wqmbpgahavumbfefc,2022-10-06 09:33:59,58.44,13892.0,125.289028495697,43.85049170080936,105
507,wqmbpgahavumbfefc,2022-10-06 09:36:39,35.43,13893.9,125.28955970317112,43.83300705435681,105
508,wqmbpgahavumbfefc,2022-10-06 09:36:39,35.43,13893.9,125.28955970317112,43.83300705435681,106
509,wqmbpgahavumbfefc,2022-10-06 09:36:59,58.38,13894.1,125.29243094515655,43.832390449137655,106
510,wqmbpgahavumbfefc,2022-10-06 09:41:59,20.3,13896.7,125.32418357870802,43.83285252417442,106
511,wqmbpgahavumbfefc,2022-10-06 09:42:29,12.03,13896.8,125.3254649370405,43.83221033189129,106
512,wqmbpgahavumbfefc,2022-10-06 09:42:29,12.03,13896.8,125.3254649370405,43.83221033189129,107
513,wqmbpgahavumbfefc,2022-10-06 09:48:39,15.86,13899.4,125.32620314323243,43.80822957989655,107
514,wqmbpgahavumbfefc,2022-10-06 09:48:39,15.86,13899.4,125.32620314323243,43.80822957989655,108
515,wqmbpgahavumbfefc,2022-10-06 09:49:19,10.63,13899.8,125.32150651091646,43.808215593614186,108
516,wqmbpgahavumbfefc,2022-10-06 09:49:19,10.63,13899.8,125.32150651091646,43.808215593614186,109
517,wqmbpgahavumbfefc,2022-10-06 09:53:59,28.06,13900.9,125.33459505895662,43.80831663344685,109
518,wqmbpgahavumbfefc,2022-10-06 09:56:29,42.07,13902.6,125.3555318735697,43.80535878615259,109
519,wqmbpgahavumbfefc,2022-10-06 09:57:19,42.75,13903.1,125.361937361934,43.80670805489314,109
520,wqmbpgahavumbfefc,2022-10-06 09:57:19,42.75,13903.1,125.361937361934,43.80670805489314,110
521,wqmbpgahavumbfefc,2022-10-06 10:01:09,10.91,13903.9,125.36928514413697,43.81175954007234,110
522,wqmbpgahavumbfefc,2022-10-06 10:01:09,10.91,13903.9,125.36928514413697,43.81175954007234,111
523,wqmbpgahavumbfefc,2022-10-06 10:04:10,2.53,13904.3,125.37289989284038,43.8093012446053,111
524,wqmbpgahavumbfefc,2022-10-06 10:04:10,2.53,13904.3,125.37289989284038,43.8093012446053,112
525,wqmbpgahavumbfefc,2022-10-07 08:35:00,11.86,13921.3,125.26786202944449,43.87879667750602,112
526,wqmbpgahavumbfefc,2022-10-07 08:35:00,11.86,13921.3,125.26786202944449,43.87879667750602,113
527,wqmbpgahavumbfefc,2022-10-07 08:37:10,18.73,13921.7,125.27150350389756,43.879810839778095,113
528,wqmbpgahavumbfefc,2022-10-07 08:37:10,18.73,13921.7,125.27150350389756,43.879810839778095,114
529,wqmbpgahavumbfefc,2022-10-07 08:37:50,41.0,13922.1,125.27170720094068,43.882948203859854,114
530,wqmbpgahavumbfefc,2022-10-07 08:37:50,41.0,13922.1,125.27170720094068,43.882948203859854,115
531,wqmbpgahavumbfefc,2022-10-07 08:38:10,35.1,13922.2,125.27274138899176,43.883702640092,115
532,wqmbpgahavumbfefc,2022-10-07 08:38:10,35.1,13922.2,125.27274138899176,43.883702640092,116
533,wqmbpgahavumbfefc,2022-10-07 08:38:50,46.74,13922.7,125.27831366883262,43.88142326039221,116
534,wqmbpgahavumbfefc,2022-10-07 08:38:50,46.74,13922.7,125.27831366883262,43.88142326039221,117
535,wqmbpgahavumbfefc,2022-10-07 08:39:20,61.81,13923.2,125.27613323862018,43.87722446918899,117
536,wqmbpgahavumbfefc,2022-10-07 08:39:50,65.47,13923.8,125.27513828789924,43.87238228263647,117
537,wqmbpgahavumbfefc,2022-10-07 08:40:30,62.66,13924.5,125.26882008744398,43.86763471886029,117
538,wqmbpgahavumbfefc,2022-10-07 08:40:40,57.43,13924.7,125.26907908149452,43.866152747032906,117
539,wqmbpgahavumbfefc,2022-10-07 08:40:40,57.43,13924.7,125.26907908149452,43.866152747032906,118
540,wqmbpgahavumbfefc,2022-10-07 08:43:00,62.32,13927.1,125.2891717125094,43.8502440339069,118
541,wqmbpgahavumbfefc,2022-10-07 08:43:00,62.32,13927.1,125.2891717125094,43.8502440339069,119
542,wqmbpgahavumbfefc,2022-10-07 08:45:00,51.18,13929.0,125.29006756321002,43.8326189679234,119
543,wqmbpgahavumbfefc,2022-10-07 08:45:00,51.18,13929.0,125.29006756321002,43.8326189679234,120
544,wqmbpgahavumbfefc,2022-10-07 08:49:50,15.3,13931.7,125.32374940553538,43.83282570687992,120
545,wqmbpgahavumbfefc,2022-10-07 08:50:20,46.12,13931.9,125.32583285219106,43.83169931628751,120
546,wqmbpgahavumbfefc,2022-10-07 08:50:20,46.12,13931.9,125.32583285219106,43.83169931628751,121
547,wqmbpgahavumbfefc,2022-10-07 08:55:00,26.49,13934.5,125.32617106069462,43.80825750357349,121
548,wqmbpgahavumbfefc,2022-10-07 08:55:00,26.49,13934.5,125.32617106069462,43.80825750357349,122
549,wqmbpgahavumbfefc,2022-10-07 08:55:30,25.25,13934.9,125.32153458920692,43.80823763553328,122
550,wqmbpgahavumbfefc,2022-10-07 08:55:30,25.25,13934.9,125.32153458920692,43.80823763553328,123
551,wqmbpgahavumbfefc,2022-10-07 08:57:10,29.3,13935.9,125.33437847151096,43.80834820384785,123
552,wqmbpgahavumbfefc,2022-10-07 08:59:20,56.98,13937.6,125.35545669066016,43.80537565473909,123
553,wqmbpgahavumbfefc,2022-10-07 09:00:00,51.24,13938.2,125.36241750201164,43.80697162442418,123
554,wqmbpgahavumbfefc,2022-10-07 09:00:00,51.24,13938.2,125.36241750201164,43.80697162442418,124
555,wqmbpgahavumbfefc,2022-10-07 09:02:50,18.95,13939.0,125.36919996944718,43.811757432455465,124
556,wqmbpgahavumbfefc,2022-10-07 09:02:50,18.95,13939.0,125.36919996944718,43.811757432455465,125
557,wqmbpgahavumbfefc,2022-10-07 10:17:29,0.0,13939.4,125.37335152152484,43.80893862171106,125
558,wqmbpgahavumbfefc,2022-10-07 10:17:29,0.0,13939.4,125.37335152152484,43.80893862171106,126
559,wqmbpgahavumbfefc,2022-10-07 10:18:30,15.24,13939.5,125.371636589399,43.81014130819209,126
560,wqmbpgahavumbfefc,2022-10-07 10:18:30,15.24,13939.5,125.371636589399,43.81014130819209,127
561,wqmbpgahavumbfefc,2022-10-07 10:19:50,8.26,13939.9,125.36832150674218,43.80770343444861,127
562,wqmbpgahavumbfefc,2022-10-07 10:19:50,8.26,13939.9,125.36832150674218,43.80770343444861,128
563,wqmbpgahavumbfefc,2022-10-07 10:21:30,25.53,13940.2,125.36552377177074,43.809114929959264,128
564,wqmbpgahavumbfefc,2022-10-07 10:21:30,25.53,13940.2,125.36552377177074,43.809114929959264,129
565,wqmbpgahavumbfefc,2022-10-07 10:22:10,53.1,13940.7,125.36049700315525,43.80658612377061,129
566,wqmbpgahavumbfefc,2022-10-07 10:22:40,49.78,13941.1,125.35532040419756,43.80569126697292,129
567,wqmbpgahavumbfefc,2022-10-07 10:22:40,49.78,13941.1,125.35532040419756,43.80569126697292,130
568,wqmbpgahavumbfefc,2022-10-07 10:24:10,52.2,13942.2,125.34174639982707,43.80759246817043,130
569,wqmbpgahavumbfefc,2022-10-07 10:24:50,38.08,13942.5,125.33831628622109,43.80874945742952,130
570,wqmbpgahavumbfefc,2022-10-07 10:24:50,38.08,13942.5,125.33831628622109,43.80874945742952,131
571,wqmbpgahavumbfefc,2022-10-07 10:25:00,40.78,13942.6,125.33765459210224,43.80943185123728,131
572,wqmbpgahavumbfefc,2022-10-07 10:26:40,8.26,13943.6,125.33786958778552,43.81831654602913,131
573,wqmbpgahavumbfefc,2022-10-07 10:26:40,8.26,13943.6,125.33786958778552,43.81831654602913,132
574,wqmbpgahavumbfefc,2022-10-07 10:27:40,37.06,13944.2,125.33018862934313,43.81856476493844,132
575,wqmbpgahavumbfefc,2022-10-07 10:28:30,26.38,13944.5,125.32651482362078,43.81983402444661,132
576,wqmbpgahavumbfefc,2022-10-07 10:28:30,26.38,13944.5,125.32651482362078,43.81983402444661,133
577,wqmbpgahavumbfefc,2022-10-07 10:31:20,24.58,13945.8,125.32602433609476,43.83147880395261,133
578,wqmbpgahavumbfefc,2022-10-07 10:31:50,28.4,13946.0,125.3268057239027,43.83317138478464,133
579,wqmbpgahavumbfefc,2022-10-07 10:31:50,28.4,13946.0,125.3268057239027,43.83317138478464,134
580,wqmbpgahavumbfefc,2022-10-07 10:32:00,36.84,13946.1,125.3260397186675,43.833632661497695,134
581,wqmbpgahavumbfefc,2022-10-07 10:32:00,36.84,13946.1,125.3260397186675,43.833632661497695,135
582,wqmbpgahavumbfefc,2022-10-07 10:32:20,43.87,13946.3,125.32376848072902,43.83297666123703,135
583,wqmbpgahavumbfefc,2022-10-07 10:37:20,50.11,13948.9,125.2912337502068,43.83283548844891,135
584,wqmbpgahavumbfefc,2022-10-07 10:37:20,50.11,13948.9,125.2912337502068,43.83283548844891,136
585,wqmbpgahavumbfefc,2022-10-07 10:37:30,49.27,13949.0,125.29024005137404,43.83372160745783,136
586,wqmbpgahavumbfefc,2022-10-07 10:39:30,56.7,13950.9,125.2892498701568,43.85035707784418,136
587,wqmbpgahavumbfefc,2022-10-07 10:41:20,69.63,13953.0,125.27102460189332,43.864329269728046,136
588,wqmbpgahavumbfefc,2022-10-07 10:41:40,61.08,13953.4,125.26888209183726,43.86731894279762,136
589,wqmbpgahavumbfefc,2022-10-07 10:41:40,61.08,13953.4,125.26888209183726,43.86731894279762,137
590,wqmbpgahavumbfefc,2022-10-07 10:42:20,57.48,13954.0,125.2747056535495,43.87154635502753,137
591,wqmbpgahavumbfefc,2022-10-07 10:43:00,69.58,13954.7,125.27655985429422,43.87780355577538,137
592,wqmbpgahavumbfefc,2022-10-07 10:43:40,32.85,13955.3,125.28042369008033,43.88226405070602,137
593,wqmbpgahavumbfefc,2022-10-07 10:43:40,32.85,13955.3,125.28042369008033,43.88226405070602,138
594,wqmbpgahavumbfefc,2022-10-07 10:43:50,35.71,13955.4,125.28059883252106,43.88158663523646,138
595,wqmbpgahavumbfefc,2022-10-07 10:43:50,35.71,13955.4,125.28059883252106,43.88158663523646,139
596,wqmbpgahavumbfefc,2022-10-07 10:44:00,56.47,13955.5,125.27915885267215,43.88174696815613,139
597,wqmbpgahavumbfefc,2022-10-07 10:45:00,29.98,13956.3,125.27137216859808,43.88487881758048,139
598,wqmbpgahavumbfefc,2022-10-07 10:53:00,18.9,13957.0,125.26238012303824,43.884173348799,139
599,wqmbpgahavumbfefc,2022-10-07 10:53:00,18.9,13957.0,125.26238012303824,43.884173348799,140
600,wqmbpgahavumbfefc,2022-10-07 10:55:10,7.08,13957.9,125.26241884428772,43.87588812341192,140
601,wqmbpgahavumbfefc,2022-10-07 10:55:10,7.08,13957.9,125.26241884428772,43.87588812341192,141
602,wqmbpgahavumbfefc,2022-10-07 10:56:30,6.07,13958.4,125.26873530244676,43.875847981232674,141
603,wqmbpgahavumbfefc,2022-10-07 10:56:30,6.07,13958.4,125.26873530244676,43.875847981232674,142
604,wqmbpgahavumbfefc,2022-10-07 12:59:35,17.15,13958.9,125.26791814695036,43.879251455461045,142
605,wqmbpgahavumbfefc,2022-10-07 12:59:35,17.15,13958.9,125.26791814695036,43.879251455461045,143
606,wqmbpgahavumbfefc,2022-10-07 13:00:45,31.1,13959.2,125.2716026333337,43.88000281076418,143
607,wqmbpgahavumbfefc,2022-10-07 13:00:45,31.1,13959.2,125.2716026333337,43.88000281076418,144
608,wqmbpgahavumbfefc,2022-10-07 13:01:35,0.0,13959.6,125.27166421124844,43.88328997173347,144
609,wqmbpgahavumbfefc,2022-10-07 13:01:35,0.0,13959.6,125.27166421124844,43.88328997173347,145
610,wqmbpgahavumbfefc,2022-10-07 13:02:55,40.5,13959.7,125.27270635379088,43.88371460310994,145
611,wqmbpgahavumbfefc,2022-10-07 13:02:55,40.5,13959.7,125.27270635379088,43.88371460310994,146
612,wqmbpgahavumbfefc,2022-10-07 13:03:55,35.77,13960.3,125.27843374479112,43.88089468969628,146
613,wqmbpgahavumbfefc,2022-10-07 13:04:15,58.95,13960.6,125.28148996892,43.88062519466072,146
614,wqmbpgahavumbfefc,2022-10-07 13:04:45,52.7,13961.1,125.28738801119634,43.87840473311621,146
615,wqmbpgahavumbfefc,2022-10-07 13:05:05,28.4,13961.3,125.28863298568704,43.877168102237846,146
616,wqmbpgahavumbfefc,2022-10-07 13:05:05,28.4,13961.3,125.28863298568704,43.877168102237846,147
617,wqmbpgahavumbfefc,2022-10-07 13:10:05,0.0,13963.4,125.3013862954212,43.89446637430723,147
618,wqmbpgahavumbfefc,2022-10-07 13:12:05,27.73,13964.3,125.30541960583264,43.9013801594153,147
619,wqmbpgahavumbfefc,2022-10-07 13:12:05,27.73,13964.3,125.30541960583264,43.9013801594153,148
620,wqmbpgahavumbfefc,2022-10-07 13:15:05,27.16,13965.6,125.32250996684442,43.90157642621081,148
621,wqmbpgahavumbfefc,2022-10-07 13:16:25,8.66,13965.8,125.32402441109052,43.900771628328016,148
622,wqmbpgahavumbfefc,2022-10-07 13:16:25,8.66,13965.8,125.32402441109052,43.900771628328016,149
623,wqmbpgahavumbfefc,2022-10-07 13:18:25,32.34,13966.7,125.32485632839249,43.90815506354474,149
624,wqmbpgahavumbfefc,2022-10-07 13:18:25,32.34,13966.7,125.32485632839249,43.90815506354474,150
625,wqmbpgahavumbfefc,2022-10-07 13:21:55,5.51,13967.5,125.3333238973244,43.9047783049089,150
626,wqmbpgahavumbfefc,2022-10-07 13:21:55,5.51,13967.5,125.3333238973244,43.9047783049089,151
627,wqmbpgahavumbfefc,2022-10-07 13:53:27,16.87,13968.3,125.32579690333688,43.90833076605792,151
628,wqmbpgahavumbfefc,2022-10-07 13:53:47,25.48,13968.4,125.32531072489157,43.90920631772569,151
629,wqmbpgahavumbfefc,2022-10-07 13:55:37,46.57,13969.2,125.31464548415708,43.90893028651234,151
630,wqmbpgahavumbfefc,2022-10-07 13:55:37,46.57,13969.2,125.31464548415708,43.90893028651234,152
631,wqmbpgahavumbfefc,2022-10-07 13:56:57,41.0,13970.0,125.30697568328448,43.90389439394911,152
632,wqmbpgahavumbfefc,2022-10-07 14:05:27,6.52,13972.4,125.294442111727,43.88479401226088,152
633,wqmbpgahavumbfefc,2022-10-07 14:06:57,18.0,13973.2,125.28865219392662,43.8782764934149,152
634,wqmbpgahavumbfefc,2022-10-07 14:06:57,18.0,13973.2,125.28865219392662,43.8782764934149,153
635,wqmbpgahavumbfefc,2022-10-07 14:08:17,20.58,13974.2,125.2787183485916,43.88232316811065,153
636,wqmbpgahavumbfefc,2022-10-07 14:08:17,20.58,13974.2,125.2787183485916,43.88232316811065,154
637,wqmbpgahavumbfefc,2022-10-07 14:09:37,7.48,13975.0,125.27567542743998,43.87558396546082,154
638,wqmbpgahavumbfefc,2022-10-07 14:09:37,7.48,13975.0,125.27567542743998,43.87558396546082,155
639,wqmbpgahavumbfefc,2022-10-07 14:10:17,16.87,13975.2,125.27322152038914,43.87489410902591,155
640,wqmbpgahavumbfefc,2022-10-07 14:10:17,16.87,13975.2,125.27322152038914,43.87489410902591,156
641,wqmbpgahavumbfefc,2022-10-07 14:10:47,28.4,13975.4,125.27150394688536,43.87625887504856,156
642,wqmbpgahavumbfefc,2022-10-07 14:10:47,28.4,13975.4,125.27150394688536,43.87625887504856,157
643,wqmbpgahavumbfefc,2022-10-07 14:11:27,14.79,13975.7,125.26888543602436,43.87586907771875,157
644,wqmbpgahavumbfefc,2022-10-07 14:11:27,14.79,13975.7,125.26888543602436,43.87586907771875,158
645,wqmbpgahavumbfefc,2022-10-07 14:12:27,21.6,13975.8,125.26788577122116,43.87702670778432,158
646,wqmbpgahavumbfefc,2022-10-22 07:11:13,17.15,13976.1,125.26793614421877,43.87913953210215,158
647,wqmbpgahavumbfefc,2022-10-22 07:11:13,17.15,13976.1,125.26793614421877,43.87913953210215,159
648,wqmbpgahavumbfefc,2022-10-22 07:12:53,13.89,13976.4,125.2714374299627,43.87975981514951,159
649,wqmbpgahavumbfefc,2022-10-22 07:12:53,13.89,13976.4,125.2714374299627,43.87975981514951,160
650,wqmbpgahavumbfefc,2022-10-22 07:13:13,28.51,13976.6,125.27158330931184,43.87806190791083,160
651,wqmbpgahavumbfefc,2022-10-22 07:13:13,28.51,13976.6,125.27158330931184,43.87806190791083,161
652,wqmbpgahavumbfefc,2022-10-22 07:14:13,13.16,13977.0,125.27589401128066,43.87762700683738,161
653,wqmbpgahavumbfefc,2022-10-22 07:14:13,13.16,13977.0,125.27589401128066,43.87762700683738,162
654,wqmbpgahavumbfefc,2022-10-22 07:17:53,41.96,13977.6,125.27506822509729,43.87250514683495,162
655,wqmbpgahavumbfefc,2022-10-22 07:18:13,48.48,13977.9,125.2732969252348,43.87058063360119,162
656,wqmbpgahavumbfefc,2022-10-22 07:18:13,48.48,13977.9,125.2732969252348,43.87058063360119,163
657,wqmbpgahavumbfefc,2022-10-22 07:26:13,53.71,13981.2,125.23891034497996,43.85291090358876,163
658,wqmbpgahavumbfefc,2022-10-22 07:33:23,56.64,13982.8,125.22169491076303,43.84609471311229,163
659,wqmbpgahavumbfefc,2022-10-22 07:35:03,47.98,13983.8,125.21005503730368,43.84264321608647,163
660,wqmbpgahavumbfefc,2022-10-22 07:37:13,53.49,13984.8,125.20452584593542,43.83894801454931,163
661,wqmbpgahavumbfefc,2022-10-22 07:37:13,53.49,13984.8,125.20452584593542,43.83894801454931,164
662,wqmbpgahavumbfefc,2022-10-22 07:38:23,32.34,13985.5,125.20784022215966,43.831250539099024,164
663,wqmbpgahavumbfefc,2022-10-22 07:39:13,16.76,13985.9,125.20693448481975,43.82797451739757,164
664,wqmbpgahavumbfefc,2022-10-22 07:39:13,16.76,13985.9,125.20693448481975,43.82797451739757,165
665,wqmbpgahavumbfefc,2022-10-22 08:33:56,1.57,13986.0,125.20551814846924,43.82771668434472,165
666,wqmbpgahavumbfefc,2022-10-22 08:33:56,1.57,13986.0,125.20551814846924,43.82771668434472,166
667,wqmbpgahavumbfefc,2022-10-23 08:15:17,21.09,13986.3,125.20703927147628,43.82787642241555,166
668,wqmbpgahavumbfefc,2022-10-23 08:15:17,21.09,13986.3,125.20703927147628,43.82787642241555,167
669,wqmbpgahavumbfefc,2022-10-23 08:16:17,33.01,13986.7,125.20845725468656,43.83187927513861,167
670,wqmbpgahavumbfefc,2022-10-23 08:16:57,46.29,13987.1,125.21193437747372,43.834178398385184,167
671,wqmbpgahavumbfefc,2022-10-23 08:16:57,46.29,13987.1,125.21193437747372,43.834178398385184,168
672,wqmbpgahavumbfefc,2022-10-23 08:21:47,38.98,13989.5,125.23816050492854,43.84444690697022,168
673,wqmbpgahavumbfefc,2022-10-23 08:22:27,49.44,13990.0,125.24359652244117,43.84402941077267,168
674,wqmbpgahavumbfefc,2022-10-23 08:24:27,28.06,13990.3,125.24766073062136,43.844663664841406,168
675,wqmbpgahavumbfefc,2022-10-23 08:27:37,25.93,13991.5,125.26008468724928,43.85027652520911,168
676,wqmbpgahavumbfefc,2022-10-23 08:32:57,20.75,13993.6,125.28719832547512,43.85064816716954,168
677,wqmbpgahavumbfefc,2022-10-23 08:32:57,20.75,13993.6,125.28719832547512,43.85064816716954,169
678,wqmbpgahavumbfefc,2022-10-23 08:34:07,39.76,13993.9,125.2901414379561,43.85006946793825,169
679,wqmbpgahavumbfefc,2022-10-23 08:34:07,39.76,13993.9,125.2901414379561,43.85006946793825,170
680,wqmbpgahavumbfefc,2022-10-23 08:34:37,43.87,13994.2,125.2914822401519,43.852092231063615,170
681,wqmbpgahavumbfefc,2022-10-23 08:37:07,19.29,13995.9,125.30719277321882,43.863170212985466,170
682,wqmbpgahavumbfefc,2022-10-23 08:37:07,19.29,13995.9,125.30719277321882,43.863170212985466,171
683,wqmbpgahavumbfefc,2022-10-23 08:37:27,23.56,13996.1,125.30901717242767,43.86314645347544,171
684,wqmbpgahavumbfefc,2022-10-23 08:37:27,23.56,13996.1,125.30901717242767,43.86314645347544,172
685,wqmbpgahavumbfefc,2022-10-23 08:39:07,13.61,13996.9,125.31638889962716,43.857881899925815,172
686,wqmbpgahavumbfefc,2022-10-23 08:39:07,13.61,13996.9,125.31638889962716,43.857881899925815,173
687,wqmbpgahavumbfefc,2022-10-23 08:43:57,16.53,13997.2,125.31654451811984,43.859243426468375,173
688,wqmbpgahavumbfefc,2022-10-23 08:43:57,16.53,13997.2,125.31654451811984,43.859243426468375,174
689,wqmbpgahavumbfefc,2022-10-23 08:44:17,27.84,13997.3,125.31535658702506,43.86010972371108,174
690,wqmbpgahavumbfefc,2022-10-23 08:44:17,27.84,13997.3,125.31535658702506,43.86010972371108,175
691,wqmbpgahavumbfefc,2022-10-23 08:44:47,32.96,13997.5,125.3134056011657,43.86008213093918,175
692,wqmbpgahavumbfefc,2022-10-23 08:44:47,32.96,13997.5,125.3134056011657,43.86008213093918,176
693,wqmbpgahavumbfefc,2022-10-23 08:46:27,19.63,13998.0,125.30923169565452,43.863146835963256,176
694,wqmbpgahavumbfefc,2022-10-23 08:46:47,33.35,13998.2,125.30858034557464,43.864635835145975,176
695,wqmbpgahavumbfefc,2022-10-23 08:47:27,37.63,13998.4,125.3060806450962,43.86535337280198,176
696,wqmbpgahavumbfefc,2022-10-23 08:53:17,47.64,14000.2,125.2905084361278,43.8775854446119,176
697,wqmbpgahavumbfefc,2022-10-23 08:54:57,13.21,14001.1,125.28086613416652,43.88107223033407,176
698,wqmbpgahavumbfefc,2022-10-23 08:55:17,39.15,14001.3,125.27969467220272,43.88228423761918,176
699,wqmbpgahavumbfefc,2022-10-23 08:55:17,39.15,14001.3,125.27969467220272,43.88228423761918,177
700,wqmbpgahavumbfefc,2022-10-23 08:55:37,13.27,14001.4,125.27797027917204,43.88181367934254,177
701,wqmbpgahavumbfefc,2022-10-23 08:55:37,13.27,14001.4,125.27797027917204,43.88181367934254,178
702,wqmbpgahavumbfefc,2022-10-23 08:55:57,26.6,14001.6,125.27806518668272,43.88043456991375,178
703,wqmbpgahavumbfefc,2022-10-23 08:55:57,26.6,14001.6,125.27806518668272,43.88043456991375,179
704,wqmbpgahavumbfefc,2022-10-23 08:56:57,35.32,14001.9,125.27610041198484,43.878583658687305,179
705,wqmbpgahavumbfefc,2022-10-23 09:01:57,26.1,14002.2,125.27518683403012,43.87549855011304,179
706,wqmbpgahavumbfefc,2022-10-23 09:02:17,20.86,14002.4,125.27337870254236,43.874967205359546,179
707,wqmbpgahavumbfefc,2022-10-23 09:02:17,20.86,14002.4,125.27337870254236,43.874967205359546,180
708,wqmbpgahavumbfefc,2022-10-23 09:02:47,27.95,14002.6,125.27151895514716,43.87621591188585,180
709,wqmbpgahavumbfefc,2022-10-23 09:02:47,27.95,14002.6,125.27151895514716,43.87621591188585,181
710,wqmbpgahavumbfefc,2022-10-23 09:03:17,9.22,14002.8,125.26903956308846,43.87581921848449,181
711,wqmbpgahavumbfefc,2022-10-23 09:03:17,9.22,14002.8,125.26903956308846,43.87581921848449,182
712,wqmbpgahavumbfefc,2022-10-23 09:05:17,23.62,14003.0,125.26791078427372,43.87697875250724,182
713,wqmbpgahavumbfefc,2022-10-23 11:15:57,0.0,14003.2,125.26810921491295,43.87867591823272,182
