,Latitude,Longitude,Infected,Population,Species,Road,River,1km,3km,5km,10km
0,15.23531,120.914702,0.0,40000,0,12.57165732,8.197453244,0.0,1.0,2.0,27.0
1,15.613217,121.118455,0.0,10000,0,14.76638892,446.2200256,4.0,0.0,0.0,10.0
2,15.614068,121.118123,0.0,45000,0,14.31586097,429.829322,4.0,0.0,0.0,10.0
3,15.464735,121.050498,0.0,40000,0,28.35109155,559.7452781,3.0,0.0,16.0,38.0
4,15.680797,120.85099,0.0,76000,0,3.957603626,98.39170523,0.0,1.0,2.0,17.0
5,15.26884,121.036778,0.0,92000,0,1.533577377,891.8903819,2.0,7.0,6.0,26.0
6,15.668717,120.98335,0.0,36000,0,3.251423573,320.5208151,0.0,0.0,1.0,16.0
7,15.877047,120.931243,0.0,12000,0,39.28533751,1.720640345,0.0,5.0,0.0,2.0
8,15.669125,120.77047,0.0,8000,0,56.7504173,73.74765901,0.0,0.0,0.0,4.0
9,15.835423,120.70859,0.0,20000,0,0.06455994,881.0845577,0.0,4.0,2.0,6.0
10,15.300423,120.988665,0.0,38000,0,41.43270235,314.6525677,1.0,4.0,8.0,50.0
11,15.513708,120.973808,0.0,76000,0,13.6266251,595.2266664,0.0,2.0,3.0,24.0
12,15.206492,120.821952,0.0,105000,0,4.360658868,831.8759044,0.0,9.0,0.0,15.0
13,15.213695,120.812218,0.0,76000,0,5.075386086,904.1890849,3.0,5.0,1.0,17.0
14,15.486068,121.00492,0.0,40000,0,0.810187759,128.2605096,1.0,2.0,6.0,28.0
15,15.685932,120.933568,0.0,18000,0,10.33791695,176.4941798,1.0,6.0,3.0,15.0
16,15.466747,121.048657,0.0,14000,0,9.548201005,322.3561751,2.0,1.0,14.0,37.0
17,15.834588,120.858738,0.0,280000,0,1.69164528,169.1766316,0.0,0.0,1.0,12.0
18,15.389918,121.018083,0.0,109461,0,22.38595643,326.4053086,5.0,19.0,13.0,40.0
19,15.75545,121.005142,0.0,38000,0,159.021986,570.1452345,0.0,1.0,1.0,18.0
20,15.869532,120.923985,0.0,140000,0,0.805139871,296.7422749,0.0,3.0,2.0,2.0
21,15.75253,120.709062,0.0,70000,0,5.823366387,1230.337522,0.0,1.0,1.0,12.0
22,15.310068,120.997005,0.0,80000,0,6.700265446,433.4209247,2.0,4.0,8.0,58.0
23,15.744595,120.73089,0.0,140000,0,31.07975987,248.2348573,0.0,1.0,1.0,10.0
24,15.382932,121.048988,0.0,37000,0,130.2239468,1002.999036,1.0,17.0,23.0,32.0
25,15.297225,120.881392,1.0,75000,0,2.895309697,590.2246788,1.0,5.0,9.0,15.0
26,15.294618,120.880795,0.0,6000,0,30.42555323,657.6339064,1.0,4.0,11.0,16.0
27,15.711928,120.94074,0.0,81000,0,35.73160132,128.5525657,2.0,6.0,2.0,13.0
28,15.387062,121.018975,0.0,22000,0,2.967636554,597.9109752,4.0,20.0,14.0,40.0
29,15.721175,121.048943,0.0,102000,0,8.024818735,798.9455642,0.0,1.0,2.0,11.0
30,15.756973,121.05397,0.0,38000,0,3.278978679,320.5964784,0.0,4.0,3.0,6.0
31,15.69071,120.933608,0.0,36000,0,35.47946406,119.7312692,2.0,5.0,2.0,16.0
32,15.433163,120.85506,0.0,38000,0,3.682848054,488.5971567,4.0,0.0,2.0,8.0
33,15.513132,121.063852,0.0,22000,0,4.78219166,524.3415088,2.0,8.0,4.0,16.0
34,15.41609,121.059067,0.0,20000,0,5.239858131,771.7025775,1.0,7.0,14.0,45.0
35,15.418583,121.06674,0.0,36000,0,8.288471985,740.1423225,2.0,5.0,12.0,45.0
36,15.386603,121.043438,0.0,2500,0,10.94808085,425.7995687,2.0,18.0,23.0,30.0
37,15.822938,120.720032,0.0,288000,0,89.95114256,726.5105009,0.0,3.0,5.0,6.0
38,15.366627,120.966662,0.0,80000,0,7.996668545,526.8615285,3.0,5.0,7.0,45.0
39,15.37016,121.007318,0.0,70000,0,97.47558484,195.5244919,1.0,18.0,22.0,34.0
40,15.739883,121.09904,0.0,19000,0,0.216031578,274.6265539,0.0,0.0,3.0,6.0
41,15.81811,120.65472,0.0,216000,0,0.672181983,1444.770198,1.0,2.0,2.0,10.0
42,15.5446,121.100835,0.0,4500,0,4.183571524,1066.279592,0.0,3.0,2.0,20.0
43,15.50776,121.051697,0.0,38000,0,5.681402654,244.281345,4.0,6.0,6.0,18.0
44,15.74417,121.067432,0.0,10000,0,52.41942443,870.8811888,0.0,3.0,5.0,3.0
45,15.40259,121.024277,0.0,45000,0,21.15666448,218.7250228,1.0,17.0,17.0,36.0
46,15.454663,121.017553,0.0,76000,0,4.601037853,678.4931184,2.0,0.0,9.0,53.0
47,15.765515,120.864497,0.0,56000,0,0.894399,1162.912426,0.0,3.0,3.0,12.0
48,15.824147,120.659953,0.0,38000,0,3.790462851,852.0016919,1.0,2.0,2.0,10.0
49,15.302423,120.987717,0.0,240000,0,9.03447491,531.5612211,1.0,4.0,7.0,54.0
50,15.89915,120.917298,0.0,25000,0,1.142735129,692.6502841,1.0,2.0,1.0,2.0
51,15.546267,120.77793,0.0,18000,0,7.508150348,956.1271346,4.0,1.0,3.0,3.0
52,15.586962,120.937188,0.0,40000,0,0.425031676,642.9393084,0.0,2.0,3.0,7.0
53,15.288898,120.872695,0.0,35000,0,3.011599245,580.3677954,2.0,6.0,7.0,15.0
54,15.279143,121.038507,0.0,114000,0,7.54155325,1270.45102,0.0,9.0,5.0,28.0
55,15.396718,121.101367,0.0,16000,0,9.244084306,563.1035405,1.0,2.0,5.0,39.0
56,15.451373,120.876058,0.0,50000,0,0.042163237,192.2400976,0.0,1.0,7.0,3.0
57,15.818393,120.698457,0.0,60000,0,21.17319175,1370.499192,2.0,4.0,3.0,4.0
58,15.562355,120.839082,0.0,10000,0,3.196556387,52.36179163,0.0,2.0,2.0,11.0
59,15.302622,120.975755,0.0,35000,0,6.895564138,316.6622058,0.0,5.0,2.0,55.0
60,15.460457,121.051565,0.0,38000,0,10.44475127,396.9162169,3.0,0.0,16.0,42.0
61,15.29352,120.865698,0.0,76000,0,3.730631214,166.6845986,1.0,4.0,8.0,17.0
62,15.512955,121.064172,0.0,20000,0,6.631804925,541.3955658,2.0,8.0,4.0,16.0
63,15.377498,120.97959,0.0,70000,0,18.3596644,28.08824844,3.0,6.0,18.0,40.0
64,15.235893,120.858077,0.0,28000,0,4.750294691,210.7798543,0.0,5.0,6.0,21.0
65,15.529992,121.095858,0.0,28000,0,76.37797128,480.1258243,2.0,2.0,4.0,21.0
66,15.498597,121.05234,0.0,80000,0,6.164682188,1255.024341,4.0,6.0,7.0,18.0
67,15.380043,121.027885,0.0,74000,0,10.05163171,666.1858104,5.0,23.0,11.0,38.0
68,15.316108,121.052098,0.0,11000,0,17.30899033,695.6613735,2.0,3.0,6.0,52.0
69,15.323273,121.050538,0.0,42000,0,1.552483746,216.1076281,1.0,4.0,7.0,56.0
70,15.361372,120.859222,0.0,18000,0,6.369861791,1508.539977,0.0,0.0,5.0,19.0
71,15.658305,120.86403,0.0,38000,0,38.59926349,1445.618744,1.0,1.0,0.0,18.0
72,15.55719,121.169565,0.0,25000,0,54.93470543,46.35634974,0.0,0.0,0.0,11.0
73,15.431932,120.859305,0.0,144000,0,13.95442507,651.6778529,3.0,2.0,1.0,8.0
74,15.371995,121.049773,0.0,150000,0,6.331387343,89.35554696,1.0,15.0,20.0,33.0
75,15.36497,121.038468,0.0,90000,0,2.8632921,559.8114044,1.0,16.0,22.0,35.0
76,15.362192,121.038322,0.0,57000,0,1.817174506,766.4162468,2.0,15.0,22.0,35.0
77,15.36425,120.932845,0.0,40000,0,24.77413999,124.0499945,1.0,2.0,6.0,40.0
78,15.329153,121.017672,0.0,12000,0,5.792939045,785.0992247,1.0,4.0,19.0,48.0
79,15.419183,121.026788,0.0,5000,0,22.41092621,271.5639806,0.0,9.0,21.0,45.0
80,15.494813,121.058462,0.0,120000,0,55.4808646,1515.874251,2.0,8.0,6.0,19.0
81,15.402232,120.767965,0.0,16000,0,56.66562768,762.8756313,0.0,1.0,2.0,14.0
82,15.746463,120.765278,0.0,76000,0,1.706185879,288.8214907,0.0,0.0,1.0,9.0
83,15.395215,121.075837,0.0,152000,0,0.439431772,508.1460684,0.0,8.0,12.0,39.0
84,15.696882,121.188142,0.0,36000,0,9.085508727,717.7046336,0.0,0.0,1.0,2.0
85,15.725265,120.898698,0.0,70000,0,2.991384557,205.6152684,1.0,5.0,7.0,13.0
86,15.702703,120.894698,0.0,10000,0,4.016339686,466.7223917,0.0,5.0,8.0,14.0
87,15.36987,120.964977,0.0,45000,0,29.92330493,135.6369139,3.0,5.0,7.0,45.0
88,15.252882,120.87599,0.0,76000,0,0.355794547,310.3752013,0.0,7.0,8.0,17.0
89,15.6432,121.194403,0.0,56000,0,205.1526919,868.2459099,0.0,1.0,0.0,7.0
90,15.37398,120.980215,0.0,38000,0,18.2332151,326.5508647,3.0,7.0,18.0,41.0
91,15.378308,120.983245,0.0,240000,0,162.748183,90.33442606,3.0,7.0,19.0,38.0
92,15.410292,121.005287,0.0,25000,0,43.50746809,254.4949455,0.0,8.0,20.0,40.0
93,15.218912,120.83688,0.0,18000,0,3.305367427,1.320931459,3.0,5.0,3.0,21.0
94,15.614283,121.114313,0.0,40000,0,44.86084781,729.5979608,3.0,1.0,1.0,10.0
95,15.820453,120.689503,0.0,35000,0,1.279313346,1125.778124,1.0,4.0,4.0,4.0
96,15.436802,120.7791,0.0,114000,0,2.023890916,265.7430255,0.0,2.0,2.0,12.0
97,15.695763,120.92912,0.0,36000,0,6.738304089,249.0867071,1.0,6.0,6.0,13.0
98,15.652907,120.959682,0.0,38000,0,2.957670184,362.6663784,0.0,0.0,2.0,16.0
99,15.312337,120.995843,0.0,22000,0,7.099747323,488.0169036,2.0,6.0,5.0,60.0
100,15.504515,120.970657,0.0,20000,0,0.592072055,507.2365784,0.0,2.0,4.0,20.0
101,15.397715,121.015878,0.0,2500,0,11.21424797,370.8823091,2.0,18.0,16.0,40.0
102,15.77748,121.054368,0.0,288000,0,3.544742755,1556.475942,2.0,2.0,1.0,7.0
103,15.310002,120.918982,0.0,19000,0,2.234277828,395.2895556,0.0,2.0,6.0,35.0
104,15.282665,120.914155,0.0,216000,0,10.53032037,925.1936903,1.0,2.0,10.0,18.0
105,15.251985,121.015915,0.0,4500,0,0.606695024,157.9852381,0.0,7.0,8.0,28.0
106,15.381932,121.005438,0.0,38000,0,4.071950976,15.83698056,2.0,19.0,19.0,36.0
107,15.377192,121.071022,0.0,10000,0,23.41550688,590.6925954,2.0,5.0,16.0,39.0
108,15.409237,121.02252,0.0,45000,0,132.3158563,616.1452785,1.0,11.0,19.0,39.0
109,15.399433,121.106027,0.0,76000,0,6.928126716,629.4823656,1.0,1.0,4.0,37.0
110,15.265543,121.03258,0.0,92000,0,4.236576218,916.1938653,1.0,8.0,7.0,26.0
111,15.606847,121.121187,0.0,36000,0,20.01952052,255.5740012,3.0,1.0,0.0,9.0
112,15.5125,121.068013,0.0,57000,0,0.965272008,720.2691109,2.0,9.0,5.0,13.0
113,15.699492,121.120602,0.0,38000,0,7.387879807,966.9000397,0.0,0.0,0.0,12.0
114,15.366782,120.92937,0.0,36000,0,0.891681014,273.6662042,1.0,2.0,7.0,34.0
115,15.528502,120.925555,0.0,38000,0,0.932152927,444.1111727,0.0,2.0,2.0,11.0
116,15.698947,120.885505,0.0,22000,0,10.39625694,757.403033,0.0,3.0,6.0,17.0
117,15.72935,121.066258,0.0,38000,0,75.13231627,533.6330784,0.0,2.0,3.0,7.0
118,15.381187,121.072462,0.0,10000,0,4.729184379,342.5552494,1.0,7.0,15.0,40.0
119,15.315713,120.99906,0.0,45000,0,14.72977844,704.511157,2.0,7.0,4.0,59.0
120,15.547305,120.777853,0.0,76000,0,7.062467957,882.9384926,3.0,2.0,3.0,3.0
121,15.373245,121.020343,0.0,38000,0,15.7346059,89.34398161,5.0,18.0,16.0,39.0
122,15.535258,120.93665,0.0,105000,0,213.302122,371.5028924,0.0,2.0,6.0,7.0
123,15.765877,121.004397,0.0,76000,0,0.890243585,315.4692931,0.0,1.0,1.0,17.0
124,15.34168,120.834242,0.0,55000,0,10.7462632,2064.103067,1.0,0.0,2.0,17.0
125,15.339048,120.840618,0.0,90000,0,3.395860794,1614.688584,1.0,0.0,2.0,19.0
126,15.578648,120.833392,0.0,57000,0,59.49127789,417.2758005,0.0,2.0,2.0,10.0
127,15.689592,120.701517,0.0,40000,0,18.07049539,142.0785656,0.0,0.0,0.0,8.0
128,15.424188,121.06547,0.0,12000,0,1.25808364,157.8400458,1.0,5.0,12.0,48.0
129,15.353565,120.887237,0.0,28000,0,21.92450804,780.2802172,0.0,1.0,5.0,26.0
130,15.315073,120.90122,0.0,28000,0,106.0015151,166.5174988,0.0,2.0,11.0,24.0
131,15.764762,121.065027,0.0,80000,0,70.16043173,1640.900419,0.0,5.0,2.0,5.0
132,15.25017,120.850585,0.0,74000,0,5.25594871,417.3665798,0.0,3.0,10.0,18.0
133,15.305807,121.039018,0.0,11000,0,1.627370217,571.5245259,1.0,5.0,14.0,41.0
134,15.307715,121.040297,0.0,42000,0,1.455475619,534.0319295,2.0,3.0,15.0,42.0
135,15.307927,121.04864,0.0,18000,0,858.4982084,208.6416119,2.0,4.0,9.0,44.0
136,15.50357,121.052778,0.0,38000,0,5.205570472,721.9179509,5.0,5.0,6.0,19.0
137,15.359895,121.05593,0.0,25000,0,6.163947688,76.18494749,0.0,10.0,18.0,45.0
138,15.320717,120.864335,0.0,120000,0,7.365404535,1598.205745,0.0,0.0,11.0,16.0
139,15.37627,121.015482,0.0,44000,0,34.68511566,304.6698072,3.0,18.0,18.0,38.0
140,15.783608,121.052183,0.0,105000,0,111.0379196,840.9856835,2.0,2.0,1.0,8.0
141,15.392545,120.943117,0.0,76000,0,12.51638794,317.3191304,0.0,1.0,10.0,34.0
142,15.546675,120.777933,0.0,40000,0,0.439208441,929.2317656,4.0,1.0,3.0,3.0
143,15.483443,121.010308,0.0,18000,0,2.536948508,190.301272,1.0,3.0,8.0,26.0
144,15.61845,120.92536,0.0,14000,0,3.219573967,434.1366311,0.0,0.0,3.0,17.0
145,15.422577,120.772532,0.0,280000,0,6.293506684,335.8537649,0.0,3.0,1.0,13.0
146,15.430128,120.79656,0.0,109461,0,6.806285548,166.333757,0.0,2.0,1.0,11.0
147,15.399213,121.041867,0.0,38000,0,7.843067708,314.3228165,0.0,18.0,25.0,26.0
148,15.21078,120.808528,0.0,140000,0,8.944558821,1039.75563,3.0,2.0,5.0,16.0
149,15.286103,121.01549,0.0,40000,0,18.56107034,363.2418758,0.0,7.0,13.0,26.0
150,15.534708,121.096425,0.0,76000,0,1.790968486,92.31686843,2.0,2.0,3.0,22.0
151,15.539653,120.783118,0.0,92000,0,59.36007783,782.0820054,3.0,2.0,3.0,4.0
152,15.804493,120.795243,0.0,36000,0,1.674598636,1220.324825,0.0,0.0,1.0,11.0
153,15.462167,121.018732,0.0,12000,0,3.550476069,525.8873123,2.0,1.0,8.0,46.0
154,15.21994,120.835423,0.0,20000,0,1.853045609,194.3457248,3.0,4.0,4.0,21.0
155,15.408857,121.080698,0.0,38000,0,13.1991844,222.7794861,0.0,7.0,8.0,41.0
156,15.291655,121.0264,0.0,76000,0,4.812202925,370.0060143,0.0,10.0,11.0,28.0
157,15.888773,120.909732,0.0,105000,0,1.604947338,990.2330428,0.0,4.0,1.0,2.0
158,15.378918,121.023343,0.0,76000,0,24.14601637,618.7030997,6.0,22.0,11.0,39.0
159,15.366967,120.963462,0.0,40000,0,20.90810704,279.9352434,3.0,5.0,8.0,44.0
160,15.522503,120.96922,0.0,30000,0,2.914494014,234.0502374,0.0,2.0,3.0,18.0
161,15.340188,121.005577,0.0,90000,0,6.060135664,748.9967379,1.0,4.0,21.0,52.0
162,15.379377,120.982112,0.0,57000,0,26.61422734,258.0862257,3.0,7.0,18.0,39.0
163,15.837817,121.034777,0.0,40000,0,114.7834869,8.577643111,0.0,0.0,0.0,8.0
164,15.32478,121.0177,0.0,12000,0,12.36969582,1132.415131,1.0,5.0,16.0,49.0
165,15.72229,120.893617,0.0,5000,0,1.930663181,526.3029381,1.0,5.0,4.0,16.0
166,15.388745,121.011585,0.0,120000,0,47.82796769,476.7244286,5.0,17.0,14.0,41.0
167,15.560507,120.809225,0.0,16000,0,67.91388604,648.9911862,1.0,1.0,8.0,1.0
168,15.715862,120.881677,0.0,14000,0,5.1983292,423.0194019,0.0,6.0,3.0,16.0
169,15.437002,120.849093,0.0,280000,0,11.71869543,231.0458476,1.0,3.0,3.0,6.0
170,15.378667,121.023487,0.0,109461,0,16.50310282,586.9565364,6.0,21.0,12.0,39.0
171,15.364002,121.020667,0.0,38000,0,0.220942626,605.6564316,1.0,18.0,19.0,40.0
172,15.817027,120.7075,0.0,140000,0,5.322342574,810.6263083,1.0,4.0,2.0,7.0
173,15.394072,121.018735,0.0,80000,0,0.16851683,118.886915,4.0,18.0,16.0,37.0
174,15.369787,121.048715,0.0,140000,0,5.260715575,107.3070901,1.0,15.0,19.0,35.0
175,15.572253,120.91294,0.0,37000,0,4.391669888,633.3471158,1.0,0.0,4.0,9.0
176,15.284592,120.908152,0.0,75000,0,3.453825918,1239.624213,1.0,2.0,12.0,17.0
177,15.506838,121.012383,0.0,6000,0,5.962915171,320.9719885,0.0,2.0,11.0,19.0
178,15.463457,120.835422,0.0,81000,0,2.432630989,676.5331589,0.0,1.0,6.0,6.0
179,15.851868,120.923182,0.0,74000,0,2.223439831,141.515337,0.0,2.0,1.0,7.0
180,15.426542,120.85212,0.0,40000,0,3.729117923,1265.353052,3.0,1.0,2.0,10.0
181,15.466393,121.058077,0.0,12000,0,43.22058827,429.9316703,2.0,1.0,14.0,36.0
182,15.744515,120.861908,0.0,5000,0,1.257442825,533.7791555,0.0,4.0,3.0,19.0
183,15.705657,120.9387,0.0,120000,0,2.124314358,279.4767478,3.0,5.0,3.0,16.0
184,15.420847,121.044745,0.0,16000,0,54.69046799,269.643241,0.0,9.0,16.0,44.0
185,15.28416,120.878563,0.0,90000,0,1.841641938,271.2658698,1.0,7.0,8.0,14.0
186,15.483972,120.897472,0.0,57000,0,23.16869283,206.0032701,0.0,0.0,2.0,14.0
187,15.788003,120.879238,0.0,40000,0,24.66323837,210.5206867,0.0,2.0,0.0,17.0
188,15.384475,121.035012,0.0,12000,0,7.557267076,421.8125644,3.0,21.0,15.0,35.0
189,15.386385,121.026697,0.0,90000,0,3.550845384,386.8851969,7.0,21.0,12.0,35.0
190,15.503913,121.044692,0.0,57000,0,1.2224477,906.1033714,4.0,6.0,7.0,18.0
191,15.262255,120.912898,0.0,40000,0,7.672569622,115.7312936,0.0,3.0,8.0,18.0
192,15.609142,121.120575,0.0,12000,0,3.263253134,400.274672,4.0,0.0,0.0,10.0
193,15.591262,121.075708,0.0,5000,0,1.936220954,401.4672727,0.0,1.0,1.0,14.0
194,15.655323,121.185077,0.0,120000,0,9.678548622,626.8096077,0.0,1.0,1.0,6.0
195,15.474538,121.09195,0.0,16000,0,25.41336063,465.7896138,0.0,0.0,8.0,30.0
196,15.354833,121.035135,0.0,40000,0,18.71900475,63.41689687,1.0,11.0,25.0,41.0
197,15.333107,121.05423,0.0,12000,0,10.11588257,447.8197945,0.0,4.0,11.0,58.0
198,15.825748,120.972362,0.0,5000,0,7.736698989,817.5314838,0.0,0.0,0.0,12.0
199,15.578745,120.94396,0.0,120000,0,6.14791509,198.3058086,0.0,2.0,4.0,6.0
200,15.605543,121.057578,0.0,16000,0,7.866794158,178.3849846,0.0,1.0,0.0,10.0
201,15.264402,120.883848,0.0,80000,0,17.19922045,191.9938903,2.0,5.0,9.0,15.0
202,15.267228,120.87923,0.0,20000,0,47.49819557,54.10260356,3.0,4.0,8.0,18.0
203,15.36699,121.009437,0.0,5000,0,92.19432397,101.4062408,2.0,14.0,26.0,33.0
204,15.372848,121.067385,0.0,40000,0,51.66590039,484.2101866,1.0,7.0,16.0,38.0
205,15.214037,120.811048,0.0,76000,0,7.475909644,918.4423359,3.0,4.0,2.0,19.0
206,15.213152,120.81266,0.0,92000,0,1.692946192,947.8780721,3.0,5.0,1.0,17.0
207,15.705647,120.938802,0.0,36000,0,12.92677776,290.3804841,3.0,5.0,3.0,16.0
208,15.700803,120.940022,0.0,12000,0,4.371453298,174.2452847,2.0,5.0,3.0,17.0
209,15.399962,121.054322,0.0,20000,0,7.104113615,556.8793434,0.0,12.0,23.0,30.0
210,15.55902,120.768143,0.0,38000,0,17.16949491,613.2200623,0.0,5.0,2.0,5.0
211,15.723008,120.87225,0.0,76000,0,48.33659295,57.89719602,0.0,5.0,4.0,16.0
212,15.653213,121.030538,0.0,105000,0,60.11233438,521.1781345,0.0,0.0,0.0,7.0
213,15.564742,120.814912,0.0,76000,0,3.757907345,882.5014435,1.0,3.0,5.0,1.0
214,15.350725,120.921643,0.0,40000,0,24.0071981,469.6076671,0.0,3.0,5.0,34.0
215,15.374278,120.942132,0.0,18000,0,2.10021226,6.181970524,0.0,6.0,6.0,38.0
216,15.344648,120.901337,1.0,13000,0,39.92849944,646.3616598,0.0,2.0,6.0,26.0
217,15.496628,121.065198,0.0,37000,0,17.50770963,1372.957445,1.0,9.0,8.0,16.0
218,15.381912,121.005427,0.0,288000,0,5.326371449,17.07415195,2.0,19.0,19.0,36.0
219,15.266555,121.022928,0.0,80000,0,2.571035317,525.8095232,0.0,9.0,5.0,27.0
220,15.336432,121.004847,0.0,70000,0,24.78132653,1023.731014,1.0,4.0,16.0,56.0
221,15.597697,120.945983,0.0,19000,0,11.59149697,1755.126109,0.0,2.0,2.0,9.0
222,15.532253,121.090168,0.0,216000,0,7.533882759,356.4846584,2.0,2.0,5.0,20.0
223,15.377775,121.024843,0.0,4500,0,67.46636852,431.9185711,5.0,23.0,12.0,37.0
224,15.215493,120.840103,1.0,38000,0,1.467970108,4.081089784,3.0,4.0,4.0,20.0
225,15.214125,120.841305,1.0,10000,0,56.49857189,62.84975002,3.0,1.0,7.0,20.0
226,15.258837,120.86061,1.0,45000,0,11.44881981,84.68864317,0.0,7.0,5.0,20.0
227,15.395153,121.030522,0.0,76000,0,5.289154953,349.1488809,0.0,20.0,22.0,32.0
228,15.757012,120.966497,0.0,56000,0,41.63268748,48.27967754,0.0,0.0,5.0,19.0
229,15.564153,120.91059,0.0,38000,0,6.680348627,729.1687233,1.0,0.0,5.0,8.0
230,15.79524,120.85721,0.0,240000,0,3.29524413,929.5399223,0.0,1.0,2.0,11.0
231,15.786475,121.055233,0.0,25000,0,20.16914049,717.6383624,2.0,1.0,2.0,7.0
232,15.268992,121.045812,0.0,18000,0,6.440077064,535.2769028,1.0,5.0,9.0,26.0
233,15.477848,120.846168,0.0,40000,0,0.297746225,101.9798328,0.0,1.0,2.0,13.0
234,15.504265,121.04629,0.0,8000,0,41.39364801,773.7025303,5.0,5.0,8.0,17.0
235,15.273252,120.877653,0.0,90000,0,66.53375453,233.5947837,2.0,8.0,5.0,19.0
236,15.502612,121.048638,0.0,57000,0,3.470316383,842.1349921,5.0,5.0,7.0,18.0
237,15.36609,120.968945,0.0,40000,0,24.60969928,604.7163316,3.0,4.0,9.0,47.0
238,15.510905,121.09241,0.0,12000,0,6.722754724,97.38986039,0.0,4.0,11.0,13.0
239,15.817415,120.67829,0.0,5000,0,6.231834644,1341.044214,0.0,5.0,4.0,8.0
240,15.826515,120.68126,0.0,120000,0,1.605327784,411.2261087,0.0,6.0,2.0,8.0
241,15.774768,120.926972,0.0,16000,0,0.413598218,58.82087831,0.0,0.0,2.0,26.0
242,15.656203,120.867113,0.0,12000,0,4.656958989,1641.018815,1.0,0.0,1.0,19.0
243,15.426583,120.854587,0.0,40000,0,27.47510823,1215.083611,3.0,1.0,2.0,10.0
244,15.784342,120.702683,0.0,12000,0,16.56853083,75.78708388,0.0,0.0,6.0,7.0
245,15.36567,121.01713,0.0,5000,0,26.10312656,479.4035497,3.0,16.0,19.0,39.0
246,15.265565,120.875013,0.0,50000,0,7.79991807,525.5761968,3.0,4.0,8.0,18.0
247,15.54722,120.777947,0.0,38000,0,3.061484439,896.5009284,4.0,1.0,3.0,3.0
248,15.740328,120.930787,0.0,76000,0,44.98376217,966.9758667,0.0,1.0,10.0,15.0
249,15.72823,120.946697,0.0,45000,0,0.187683604,459.5089679,0.0,4.0,6.0,15.0
250,15.524645,120.912988,0.0,152000,0,17.73399532,638.8073411,0.0,2.0,2.0,10.0
251,15.899757,120.922448,0.0,40000,0,0.5471902,513.8159731,1.0,2.0,1.0,3.0
252,15.275717,121.024162,0.0,12000,0,19.49739397,814.6376718,1.0,8.0,9.0,26.0
253,15.27527,121.027098,0.0,5000,0,22.79203812,959.4738971,1.0,8.0,7.0,27.0
254,15.431357,121.050007,0.0,4500,0,2.378676136,92.15161442,0.0,5.0,15.0,52.0
255,15.707208,120.918402,0.0,38000,0,3.942952386,103.0850017,0.0,9.0,5.0,14.0
256,15.287347,120.928092,0.0,10000,0,5.295098785,815.9985506,0.0,3.0,2.0,33.0
257,15.74484,120.851223,0.0,45000,0,3.019940053,1355.970112,0.0,3.0,2.0,16.0
258,15.462687,121.018717,0.0,38000,0,5.399395333,482.3657975,2.0,2.0,7.0,45.0
259,15.820148,120.757555,0.0,76000,0,1.346928215,608.5312714,0.0,0.0,2.0,10.0
260,15.545978,120.81113,0.0,56000,0,11.6987343,635.1475176,0.0,2.0,8.0,2.0
261,15.73689,120.877743,0.0,76000,0,1.516988172,176.1282786,0.0,6.0,3.0,17.0
262,14.71283,120.511777,0.0,35000,0,35.46984127,190.2142606,3.0,14.0,9.0,28.0
263,14.88013,120.481642,0.0,35000,0,0.023696038,728.5383384,0.0,3.0,13.0,15.0
264,14.689712,120.498668,0.0,75000,0,1.573045497,175.7800753,3.0,15.0,9.0,23.0
265,14.902953,120.46492,0.0,150000,0,0.496651538,257.0140533,5.0,3.0,3.0,11.0
266,14.900048,120.461495,0.0,72000,0,25.28389585,140.7060946,2.0,6.0,3.0,10.0
267,14.797378,120.485503,0.0,31000,0,55.6181429,353.2740565,2.0,10.0,9.0,28.0
268,14.606472,120.55275,0.0,35000,0,8.23109606,403.1377702,1.0,4.0,3.0,10.0
269,14.784268,120.470157,0.0,136000,0,9.590053531,792.2632974,1.0,9.0,15.0,26.0
270,14.771253,120.440285,0.0,29000,0,0.219182302,517.8262733,0.0,3.0,5.0,37.0
271,14.776205,120.471127,0.0,87000,0,7.554590972,442.5085569,1.0,7.0,18.0,24.0
272,14.62248,120.531395,0.0,60000,0,61.22477159,440.4299712,1.0,4.0,5.0,20.0
273,14.759265,120.495477,0.0,1300,0,131.324515,280.3789238,2.0,10.0,11.0,32.0
274,14.740305,120.50113,0.0,28000,0,26.13593322,83.54586518,0.0,13.0,15.0,30.0
275,14.75575,120.507325,0.0,35000,0,276.3183174,72.62318181,2.0,9.0,11.0,33.0
276,14.740672,120.520953,0.0,35000,0,5.404672587,522.279267,0.0,7.0,20.0,30.0
277,14.749382,120.489985,0.0,28000,0,24.39151839,250.6822949,0.0,9.0,21.0,27.0
278,14.753063,120.499643,0.0,35000,0,42.76477792,277.0622684,3.0,11.0,14.0,27.0
279,14.75781,120.45804,0.0,12000,0,20.50108398,671.4112556,0.0,5.0,10.0,39.0
280,14.70714,120.503752,0.0,35000,0,1.671127103,97.19364263,6.0,13.0,8.0,28.0
281,14.709138,120.49085,0.0,38000,0,7.632155766,1.415111095,2.0,17.0,8.0,29.0
282,14.70915,120.49083,0.0,35000,0,7.560145175,1.339644283,2.0,17.0,8.0,29.0
283,14.708115,120.496018,0.0,35000,0,8.066236749,178.7704909,6.0,13.0,8.0,28.0
284,14.707663,120.502248,0.0,35000,0,6.2223824,83.37232093,6.0,13.0,7.0,29.0
285,14.76038,120.517773,0.0,38000,0,8.811403953,415.7102904,1.0,9.0,6.0,37.0
286,14.775982,120.510837,0.0,75000,0,5.417801644,160.7007258,1.0,8.0,12.0,30.0
287,14.775417,120.509407,0.0,130000,0,3.626421987,112.1529728,1.0,8.0,14.0,29.0
288,14.75925,120.49551,0.0,1100,0,133.1886481,277.1384115,2.0,10.0,11.0,32.0
289,14.81378,120.510332,0.0,11000,0,7.301053031,528.800419,1.0,2.0,10.0,30.0
290,14.795435,120.485033,0.0,10000,0,1.525324469,419.6493812,2.0,11.0,10.0,29.0
291,14.807052,120.502178,0.0,8000,0,2.549624065,400.2937778,1.0,6.0,10.0,26.0
292,14.813197,120.509402,0.0,10000,0,3.83128896,534.4115674,1.0,2.0,9.0,31.0
293,14.805707,120.49938,0.0,9000,0,24.74695884,638.1586405,1.0,7.0,9.0,26.0
294,14.686185,120.493458,0.0,40000,0,3.642573925,500.8266474,3.0,13.0,12.0,21.0
295,14.873428,120.488068,0.0,80000,1,2.270718938,753.1219513,1.0,3.0,10.0,18.0
296,14.916978,120.45571,0.0,15000,0,21.90421754,223.7210022,0.0,7.0,2.0,12.0
297,14.641702,120.478945,0.0,43000,0,12.45772624,445.4101504,0.0,5.0,5.0,27.0
298,14.799943,120.462438,0.0,138000,0,0.801692234,1044.081359,2.0,8.0,5.0,26.0
299,14.703693,120.504513,0.0,36000,0,48.26034655,272.9929209,4.0,15.0,7.0,26.0
300,14.786113,120.497097,0.0,100000,0,0.36888605,30.28938386,0.0,12.0,12.0,29.0
301,14.811387,120.470292,0.0,40000,0,14.7028763,1310.453277,1.0,8.0,6.0,27.0
302,14.89252,120.476135,0.0,20000,0,1.021049313,231.9670962,0.0,10.0,4.0,14.0
303,14.802133,120.460282,0.0,20000,0,2.020893588,713.0933619,1.0,8.0,6.0,26.0
304,14.909383,120.461768,0.0,38000,0,3.77241592,227.881769,5.0,3.0,2.0,12.0
305,14.909385,120.46208,0.0,24000,0,35.81695985,197.2339429,5.0,3.0,2.0,12.0
306,14.614787,120.527945,0.0,20000,0,94.63028202,341.0641626,1.0,4.0,4.0,16.0
307,14.68774,120.489663,0.0,130000,0,9.913845817,679.1043596,2.0,13.0,13.0,23.0
308,14.650388,120.487783,0.0,58000,0,15.18262943,521.7088483,0.0,9.0,6.0,23.0
309,14.761227,120.510482,0.0,216000,0,12.66486,113.3151451,2.0,9.0,9.0,33.0
310,14.463108,120.582862,0.0,40000,0,29.91494488,237.2281123,0.0,0.0,0.0,0.0
311,14.658453,120.464355,0.0,28000,0,2.932297056,864.1843826,0.0,3.0,8.0,26.0
312,14.793443,120.464805,0.0,38500,0,3.406225738,719.9988534,1.0,8.0,8.0,26.0
313,14.671692,120.490433,0.0,38000,0,81.7984771,838.5356153,1.0,7.0,16.0,23.0
314,14.60461,120.547445,0.0,20000,0,8.777997047,510.6419049,2.0,2.0,4.0,10.0
315,14.743373,120.47836,0.0,66000,0,0.410168233,170.2562848,0.0,8.0,21.0,29.0
316,14.867968,120.487943,0.0,66000,0,1.90700107,788.2116636,1.0,3.0,6.0,22.0
317,14.725913,120.507383,0.0,36000,0,3.334840709,634.1162148,1.0,15.0,13.0,31.0
318,14.689982,120.500367,0.0,115000,0,4.653222527,151.6835306,2.0,15.0,10.0,23.0
319,14.915272,120.467773,0.0,90000,0,0.209146024,137.1435493,4.0,4.0,1.0,16.0
320,14.600545,120.545532,0.0,40000,0,16.09694923,235.1962394,1.0,4.0,3.0,9.0
321,14.665022,120.522543,0.0,15000,0,105.420322,437.8336653,0.0,3.0,15.0,23.0
322,14.70058,120.494665,0.0,40000,0,6.787191558,398.8993202,1.0,16.0,8.0,28.0
323,14.646533,120.503582,0.0,20000,0,28.44214381,72.41020594,0.0,7.0,11.0,21.0
324,14.675338,120.493127,0.0,9500,0,0.394685335,590.6198988,1.0,8.0,18.0,22.0
325,14.728123,120.49559,0.0,25000,0,217.0196977,309.9543882,0.0,18.0,11.0,32.0
326,14.66209,120.499817,0.0,125000,0,12.10438968,661.0154857,0.0,8.0,12.0,22.0
327,14.858012,120.502197,0.0,65000,0,13.63477146,511.2954958,0.0,4.0,4.0,28.0
328,14.707172,120.503713,0.0,61000,0,2.431018911,102.5600982,6.0,13.0,7.0,29.0
329,14.91029,120.467893,0.0,25000,0,90.85293014,310.8498936,5.0,3.0,2.0,13.0
330,14.90696,120.465015,0.0,45000,0,0.337530514,170.8768981,6.0,2.0,3.0,11.0
331,14.570713,120.561137,0.0,80000,0,4.538780663,279.5761596,1.0,1.0,3.0,5.0
332,14.773365,120.500295,0.0,35000,0,20.34928981,272.4027427,0.0,11.0,14.0,28.0
333,14.803857,120.473892,0.0,75000,0,28.0617423,780.9194068,1.0,8.0,8.0,27.0
334,14.631467,120.499547,0.0,90000,0,0.840476655,140.02232,1.0,3.0,9.0,24.0
335,14.673387,120.477327,0.0,62000,0,3.621062772,729.0230905,0.0,8.0,14.0,23.0
336,14.757338,120.44005,0.0,190000,0,6.78722607,219.8299786,0.0,3.0,4.0,45.0
337,14.582173,120.56395,0.0,18000,0,33.50267874,249.365892,0.0,4.0,1.0,7.0
338,14.632097,120.49956,0.0,18000,0,1.191252798,209.6306438,1.0,3.0,9.0,24.0
339,14.720282,120.48601,0.0,20000,0,1.806300597,434.988959,0.0,17.0,10.0,33.0
340,14.704888,120.508952,0.0,115000,0,147.544216,40.64157835,7.0,12.0,7.0,26.0
341,14.63301,120.531488,0.0,18000,0,26.7030134,151.9380092,0.0,3.0,8.0,25.0
342,14.562208,120.561448,0.0,36000,0,38.64273413,522.2955325,1.0,1.0,3.0,3.0
343,14.61619,120.438168,0.0,440000,0,3.736408569,468.7803255,0.0,0.0,0.0,14.0
344,14.855785,120.42047,0.0,65000,0,4.04850202,135.3881697,0.0,0.0,0.0,24.0
345,14.826123,120.456765,0.0,72000,0,47.62743612,401.9313477,0.0,3.0,6.0,36.0
346,14.728025,120.507685,0.0,35000,0,234.1868677,404.2696427,1.0,16.0,12.0,30.0
347,14.793955,120.480603,0.0,14000,0,0.478227422,347.3318177,2.0,10.0,11.0,29.0
348,14.749665,120.447195,0.0,1300,0,44.33584114,116.0091258,0.0,3.0,4.0,48.0
349,14.713173,120.51172,0.0,20000,0,66.6510876,228.3075338,3.0,14.0,9.0,28.0
350,14.713137,120.5094,0.0,40000,0,10.57329796,224.5334238,6.0,11.0,9.0,29.0
351,14.653078,120.517978,0.0,13500,0,10.06501605,556.712359,0.0,4.0,13.0,24.0
352,14.820897,121.040892,0.0,6000,0,29.21637699,97.32746734,3.0,2.0,12.0,18.0
353,15.102372,120.995778,0.0,69000,0,6.037205485,360.8502726,2.0,5.0,13.0,29.0
354,14.86048,121.03661,0.0,15000,0,31.34066427,333.8971313,2.0,4.0,12.0,31.0
355,15.066332,120.909982,0.0,69000,0,2.802241831,567.3696483,1.0,68.0,97.0,129.0
356,14.996342,120.980175,0.0,2000,0,19.67952213,934.8216903,0.0,1.0,6.0,97.0
357,14.813678,120.987162,0.0,250000,0,4.606580895,475.8349615,1.0,2.0,6.0,32.0
358,14.89356,121.047752,0.0,300000,0,8.164539053,200.3413836,0.0,2.0,8.0,33.0
359,15.080273,120.969168,0.0,99000,0,9.510028416,1188.794475,1.0,13.0,12.0,156.0
360,14.979453,121.062303,0.0,45000,0,3.848641481,868.7960234,0.0,0.0,2.0,11.0
361,14.821493,121.081463,0.0,60000,0,1.320433933,105.4071008,1.0,3.0,4.0,14.0
362,15.199367,121.008098,0.0,47000,0,4.288945223,150.8579419,1.0,4.0,10.0,17.0
363,14.833858,121.057767,0.0,20000,0,7.170508535,266.781628,0.0,5.0,8.0,21.0
364,14.78463,120.9476,0.0,60000,0,32.96937474,199.6112212,0.0,1.0,3.0,12.0
365,14.934178,120.965862,0.0,100000,0,3.409103501,61.0780445,1.0,11.0,13.0,30.0
366,14.923438,120.961433,0.0,20000,0,76.93439355,94.50079884,3.0,14.0,10.0,35.0
367,14.926585,120.970063,0.0,84000,0,1.133715807,372.5006785,2.0,13.0,10.0,36.0
368,14.954432,120.866187,0.0,10000,0,50.61444347,278.192809,2.0,4.0,3.0,149.0
369,14.966442,120.944477,0.0,46000,0,1.725942266,432.2567121,2.0,3.0,6.0,139.0
370,15.065735,120.929033,0.0,16000,0,2.413896974,521.9140871,3.0,10.0,114.0,165.0
371,15.043212,120.982667,0.0,250000,0,9.35749687,369.2044995,0.0,5.0,11.0,141.0
372,14.87737,121.026845,0.0,104000,0,1.564676336,293.673529,1.0,9.0,8.0,42.0
373,15.101295,120.997308,0.0,40000,0,21.62796542,206.5031818,2.0,5.0,13.0,28.0
374,14.884247,120.821635,0.0,50000,0,19.50070647,121.3688874,0.0,3.0,4.0,14.0
375,14.885613,121.029857,0.0,100000,0,97.36175181,442.9856207,1.0,5.0,10.0,42.0
376,15.113897,121.014652,0.0,900000,0,5.740095761,162.3263698,0.0,5.0,7.0,27.0
377,15.212148,121.019495,0.0,250000,0,5.445974743,310.8867194,0.0,8.0,8.0,16.0
378,15.101007,120.960973,0.0,12000,0,33.22573803,214.077888,1.0,7.0,10.0,140.0
379,15.084975,120.978743,0.0,20000,0,8.052064272,356.0603178,2.0,15.0,3.0,114.0
380,15.11175,121.059808,0.0,22000,0,11.05272767,563.2369976,0.0,0.0,4.0,21.0
381,14.895037,120.834293,0.0,8000,0,24.96127992,18.28039424,1.0,2.0,1.0,17.0
382,15.184527,121.032807,0.0,1500,0,20.49215968,741.1759785,1.0,5.0,10.0,16.0
383,15.195108,121.044673,0.0,2000,0,0.784787606,545.9143647,0.0,3.0,14.0,15.0
384,14.904683,120.743057,0.0,30000,0,36.03336243,374.9616488,0.0,3.0,4.0,33.0
385,14.828817,121.039548,0.0,48000,0,4.312595991,251.2789485,3.0,1.0,11.0,24.0
386,15.176418,121.04294,0.0,30000,0,6.859537201,419.2369897,0.0,8.0,7.0,15.0
387,14.968505,120.863847,0.0,16000,0,1.470092738,145.5263064,1.0,6.0,3.0,238.0
388,15.032962,120.974925,0.0,99000,0,0.230827812,742.0491836,1.0,4.0,7.0,174.0
389,15.10078,120.994148,0.0,250000,0,9.554626746,318.3575189,2.0,8.0,10.0,29.0
390,15.05924,120.976143,0.0,69000,0,13.82828439,524.0222933,1.0,10.0,13.0,149.0
391,14.864588,120.84397,0.0,85000,0,3.582948497,481.9928841,0.0,0.0,4.0,7.0
392,14.843008,120.937133,0.0,200000,0,5.888360056,235.8157323,0.0,6.0,4.0,35.0
393,14.925428,120.983493,0.0,210000,0,7.097688963,410.7158364,3.0,4.0,18.0,37.0
394,14.959765,120.879747,0.0,12000,0,33.20990743,288.713721,0.0,6.0,3.0,212.0
395,15.190043,121.006678,0.0,48000,0,3.132366849,213.7942198,1.0,5.0,6.0,23.0
396,15.196522,121.006475,0.0,100000,0,0.725271379,304.8765124,3.0,1.0,9.0,19.0
397,14.946615,120.953447,0.0,72000,0,9.857650324,899.8095215,0.0,9.0,13.0,36.0
398,14.82909,121.039012,0.0,48000,0,2.782488621,227.8728738,3.0,2.0,10.0,26.0
399,14.870512,120.94209,0.0,30000,0,4.49719597,516.4944022,0.0,6.0,16.0,36.0
400,15.184063,121.033377,0.0,1800,0,2.127461474,661.6168828,1.0,6.0,9.0,16.0
401,15.041015,121.013015,0.0,76000,0,2.412484325,629.3379465,0.0,0.0,8.0,32.0
402,14.855677,121.01385,0.0,69000,0,1.848139749,412.1964336,0.0,10.0,10.0,43.0
403,14.840882,121.001558,0.0,30000,0,0.682850377,106.6041964,1.0,4.0,18.0,35.0
404,14.845928,121.002593,0.0,250000,0,1.947332506,326.3127183,1.0,4.0,17.0,44.0
405,15.129972,121.032273,0.0,198000,0,24.60934597,681.9746728,0.0,3.0,8.0,27.0
406,14.855262,121.032533,0.0,20000,0,7.173402304,344.7958897,3.0,4.0,11.0,32.0
407,14.808273,120.975015,0.0,50000,0,11.37858277,176.0721314,1.0,1.0,10.0,26.0
408,14.889007,120.979845,0.0,70000,0,0.042495217,257.0834419,0.0,7.0,24.0,36.0
409,14.823607,120.940817,0.0,30000,0,14.00201575,350.6825682,0.0,4.0,6.0,27.0
410,14.836832,120.946487,0.0,40000,0,1.735039423,233.4083572,0.0,6.0,5.0,36.0
411,14.858963,121.027278,0.0,30000,0,36.28069499,42.37271423,2.0,6.0,12.0,37.0
412,14.844698,120.988377,0.0,100000,0,3.299013514,163.6615999,0.0,5.0,17.0,41.0
413,15.003916,120.926494,0.0,2000,0,198.8697473,587.3708924,0.0,4.0,61.0,228.0
414,15.016565,120.904057,0.0,250000,0,41.30029395,103.1713951,0.0,82.0,119.0,89.0
415,14.821387,121.040193,0.0,16000,0,19.51683075,175.023113,3.0,1.0,12.0,20.0
416,15.091117,120.9692,0.0,60000,0,2.729723844,393.3825629,3.0,9.0,9.0,137.0
417,14.915618,121.092182,0.0,148000,0,12.33534607,277.0163795,0.0,0.0,0.0,14.0
418,14.841643,120.957902,0.0,16000,0,4.617889269,552.5272625,2.0,4.0,10.0,43.0
419,15.229925,121.073748,0.0,120000,0,0.503225513,276.8372679,0.0,0.0,5.0,29.0
420,14.979442,121.019515,0.0,250000,0,7.426241014,1459.537729,0.0,1.0,4.0,28.0
421,14.981445,121.032462,0.0,100000,0,8.393520795,349.630178,0.0,1.0,2.0,25.0
422,14.856302,121.033322,0.0,48000,0,4.190304776,457.22213,3.0,2.0,13.0,33.0
423,15.080898,120.908035,0.0,40000,0,1.146947905,1292.869197,0.0,15.0,111.0,174.0
424,14.9673,120.945125,0.0,99000,0,9.503732126,314.4797984,2.0,3.0,7.0,139.0
425,14.929352,120.947998,0.0,5000,0,41.7120906,234.057001,1.0,10.0,15.0,32.0
426,15.056157,120.930455,0.0,50000,0,1.23322718,1084.659299,1.0,18.0,116.0,160.0
427,14.84705,120.956835,0.0,100000,0,11.62434717,512.3021001,3.0,2.0,12.0,46.0
428,14.978107,120.925622,0.0,12000,0,1.213900956,324.9512571,0.0,6.0,4.0,271.0
429,14.985185,120.934988,0.0,12000,0,2.705191938,688.1467311,0.0,5.0,4.0,270.0
430,15.232717,121.023788,0.0,100000,0,26.00674002,547.6809965,0.0,6.0,10.0,25.0
431,14.867023,120.738148,0.0,17000,0,65.41244751,196.1229484,0.0,0.0,3.0,16.0
432,15.074518,121.005762,0.0,492000,0,2.900692565,222.2662282,0.0,3.0,17.0,20.0
433,14.950517,120.862135,0.0,12000,0,41.92496727,250.8739741,2.0,4.0,2.0,103.0
434,15.220682,121.033992,0.0,50000,0,9.626266245,221.7719347,0.0,4.0,13.0,17.0
435,14.795712,121.078947,0.0,70000,0,2.088017812,623.2660752,1.0,2.0,3.0,11.0
436,14.908185,121.01296,0.0,70000,0,238.7570898,899.3209253,1.0,3.0,12.0,48.0
437,14.804932,121.009365,0.0,70000,0,6.0774597,349.6610099,0.0,1.0,10.0,28.0
438,14.897807,120.945123,0.0,70000,0,6.838079657,425.5048879,3.0,11.0,11.0,34.0
439,14.907562,121.01287,0.0,70000,0,240.9911465,857.018275,1.0,3.0,12.0,49.0
440,14.898445,121.020027,0.0,70000,0,5.77450918,225.1576499,1.0,4.0,13.0,41.0
441,14.857208,120.78721,0.0,100000,0,15.19623292,415.3238308,0.0,1.0,3.0,10.0
442,14.881637,120.92684,0.0,69000,0,1.600547303,181.9620673,0.0,6.0,11.0,38.0
443,15.170318,121.027085,0.0,16000,0,23.64384342,670.037712,1.0,6.0,8.0,15.0
444,15.087498,120.982917,0.0,77000,0,4.756753115,190.1449482,1.0,16.0,4.0,64.0
445,14.930447,120.984533,0.0,40000,0,32.90335142,287.1456695,3.0,4.0,14.0,40.0
446,14.922258,120.954828,0.0,60000,0,3.850502309,184.0405004,2.0,14.0,10.0,34.0
447,14.886707,120.947877,0.0,492000,0,1.538034615,32.01863864,0.0,14.0,13.0,34.0
448,14.897433,120.93869,0.0,50000,0,5.364183492,292.4105321,2.0,10.0,10.0,36.0
449,14.906418,120.931002,0.0,69000,0,0.0015635,528.0607132,1.0,10.0,11.0,36.0
450,14.841593,120.95778,0.0,100000,0,10.23902478,566.7369486,2.0,4.0,10.0,43.0
451,14.92294,120.95419,0.0,70000,0,11.63283441,137.9432478,3.0,13.0,12.0,32.0
452,14.901752,120.968257,0.0,60000,0,1.683075698,914.6446943,0.0,16.0,16.0,31.0
453,14.8523,120.951567,0.0,70000,0,1.644988847,252.2431719,1.0,6.0,6.0,48.0
454,15.196282,120.99736,0.0,48000,0,0.273125021,295.5003604,1.0,3.0,7.0,22.0
455,15.15865,121.042527,0.0,12000,0,0.788139639,194.016272,1.0,6.0,3.0,18.0
456,15.156228,121.04317,0.0,250000,0,9.384344665,437.9044995,2.0,4.0,4.0,21.0
457,14.93045,120.980508,0.0,36000,0,22.88355533,111.700414,3.0,6.0,13.0,38.0
458,15.232892,121.038528,0.0,80000,0,42.55381856,345.6305079,1.0,2.0,12.0,24.0
459,15.144752,121.038462,0.0,40000,0,14.72694888,177.3420223,1.0,3.0,7.0,26.0
460,14.905588,120.945247,0.0,60000,0,1.981246996,338.8225285,3.0,12.0,11.0,32.0
461,14.910753,120.958018,0.0,69000,0,5.813429617,79.02173014,2.0,15.0,13.0,31.0
462,14.930813,120.98499,0.0,99000,0,4.284671882,346.0410097,3.0,4.0,14.0,40.0
463,15.0731,120.99573,0.0,50000,0,8.709246077,255.5759516,1.0,8.0,14.0,33.0
464,14.813385,120.980763,0.0,250000,0,3.954399733,386.8054399,2.0,0.0,10.0,29.0
465,15.031047,120.914047,0.0,10000,0,7.636383797,470.7873945,16.0,76.0,109.0,98.0
466,15.1002,120.95954,0.0,40000,0,2.951494425,179.5453462,1.0,7.0,14.0,147.0
467,15.169318,121.025382,0.0,18000,0,3.125204591,658.5408351,1.0,6.0,8.0,15.0
468,15.090642,120.969317,0.0,30000,0,7.005962965,417.1908743,3.0,9.0,9.0,137.0
469,15.202382,121.073712,0.0,50000,0,4.642279257,410.2897737,0.0,0.0,6.0,24.0
470,15.235535,121.03298,0.0,30000,0,10.22890893,250.9099085,1.0,4.0,11.0,25.0
471,14.966457,120.944478,0.0,45000,0,2.486204898,430.852777,2.0,3.0,6.0,139.0
472,14.900025,121.02036,0.0,250000,0,15.14585856,348.1695763,1.0,4.0,11.0,44.0
473,14.87567,120.959448,0.0,48000,0,12.45535177,796.7275443,1.0,6.0,19.0,36.0
474,14.79413,121.044207,0.0,36000,0,5.81493403,503.6979008,0.0,1.0,8.0,15.0
475,15.223588,121.004028,0.0,5000,0,32.62072828,296.3678046,0.0,3.0,7.0,28.0
476,14.9904,120.991268,0.0,180000,0,2.969023279,1444.803967,0.0,1.0,3.0,50.0
477,15.150088,121.039203,0.0,69000,0,5.650690918,286.891875,2.0,5.0,4.0,25.0
478,14.977893,120.906768,0.0,30000,0,0.324815146,5.11071389,0.0,2.0,10.0,287.0
479,14.895903,120.765385,0.0,100000,0,0.117275325,181.0097599,0.0,3.0,6.0,20.0
480,14.873987,120.785847,0.0,16000,0,1.927024682,150.8465601,0.0,2.0,2.0,11.0
481,14.994422,120.887038,0.0,48000,0,0.283359251,66.50298541,0.0,3.0,91.0,189.0
482,14.893702,120.835578,0.0,48000,0,59.68044576,154.3848092,1.0,2.0,1.0,18.0
483,15.084328,120.970087,0.0,100000,0,1.551278495,973.7302016,4.0,9.0,11.0,139.0
484,15.034798,120.968625,0.0,492000,0,6.199295054,204.70499,2.0,3.0,8.0,195.0
485,15.099543,120.970672,0.0,48000,0,14.80184079,172.9102814,2.0,9.0,9.0,115.0
486,14.903168,120.838605,0.0,250000,0,6.613471185,197.8315032,0.0,3.0,1.0,20.0
487,15.062007,120.979303,0.0,60000,0,5.537124151,454.381051,1.0,9.0,15.0,137.0
488,15.104468,121.008133,0.0,76000,0,5.091402424,306.4106928,0.0,4.0,11.0,31.0
489,14.886718,120.778937,0.0,250000,0,3.851118174,681.6358924,0.0,2.0,5.0,17.0
490,14.894307,120.990568,0.0,42000,0,4.895665352,774.4114323,0.0,8.0,21.0,39.0
491,14.88253,120.987418,0.0,25000,0,9.298930968,244.5693664,1.0,5.0,20.0,39.0
492,14.911063,120.974442,0.0,25000,0,1.744606121,303.4613001,0.0,16.0,14.0,34.0
493,14.87989,120.967497,0.0,20000,0,2.315360654,387.1406859,1.0,8.0,20.0,36.0
494,14.874407,120.988233,0.0,25000,0,17.46728655,577.3047719,1.0,5.0,21.0,38.0
495,14.9176,120.925063,0.0,25000,0,13.75449195,132.2474415,0.0,5.0,14.0,38.0
496,14.950698,120.859733,0.0,25000,0,0.577385806,154.4083856,2.0,4.0,2.0,102.0
497,15.074465,120.990823,0.0,69000,0,0.252458303,367.2017159,1.0,12.0,10.0,52.0
498,14.801105,121.07737,0.0,50000,0,1.12423749,58.60411805,1.0,2.0,4.0,11.0
499,14.816977,121.084147,0.0,80000,0,27.74684738,264.2137384,1.0,2.0,5.0,14.0
500,15.063485,120.934798,0.0,12000,0,53.95942281,337.1881146,3.0,6.0,118.0,166.0
501,14.921502,120.759275,0.0,492000,0,25.74083815,501.0752238,0.0,6.0,5.0,33.0
502,14.905098,120.953113,0.0,40000,0,1.339605633,90.89104735,4.0,12.0,14.0,29.0
503,14.905077,120.953088,0.0,492000,0,0.209879748,91.76332843,4.0,12.0,14.0,29.0
504,14.89863,120.952472,0.0,250000,0,1.141664336,423.1037529,3.0,13.0,14.0,31.0
505,14.904485,120.935317,0.0,250000,0,4.780106196,27.44766773,2.0,11.0,9.0,35.0
506,15.065218,120.928162,0.0,99000,0,8.159648123,491.1978486,3.0,13.0,112.0,165.0
507,15.07069,120.971527,0.0,48000,0,2.87264246,230.3570902,1.0,10.0,17.0,153.0
508,15.071607,120.928693,0.0,250000,0,13.13386865,64.36384004,2.0,4.0,109.0,176.0
509,15.0698,120.97102,0.0,16000,0,54.03802619,117.8333458,1.0,10.0,17.0,153.0
510,14.789398,120.932935,0.0,1800,0,5.120523934,29.62445578,0.0,1.0,2.0,14.0
511,15.032537,120.960463,0.0,30000,0,8.930062643,93.03891225,1.0,3.0,16.0,218.0
512,14.862725,121.005253,0.0,250000,0,3.401049484,558.0535389,1.0,8.0,9.0,47.0
513,14.859568,121.005013,0.0,60000,0,14.78339695,369.1088422,1.0,7.0,11.0,46.0
514,15.04066,120.949228,0.0,12000,0,14.40336123,72.64115624,0.0,6.0,50.0,226.0
515,14.965078,120.858755,0.0,3000,0,4.788677218,276.3784298,1.0,7.0,1.0,205.0
516,15.015017,120.916783,0.0,2000,0,72.85935529,450.6147429,0.0,42.0,94.0,154.0
517,14.960868,120.98309,0.0,50000,0,36.74828447,1107.129713,0.0,0.0,14.0,40.0
518,14.985092,120.87066,0.0,23000,0,2.66206178,235.0096881,0.0,4.0,39.0,231.0
519,14.952662,120.730935,0.0,7200,0,2.277583659,446.486908,3.0,11.0,18.0,8.0
520,14.93403,120.760615,0.0,135000,0,20.95992619,231.5088342,1.0,3.0,12.0,29.0
521,14.930302,120.745557,0.0,30000,0,16.58166286,67.88128679,0.0,8.0,10.0,22.0
522,14.963272,120.840408,0.0,10000,0,1.718311982,869.7422962,1.0,5.0,2.0,136.0
523,14.962425,120.833152,0.0,100000,0,0.555690099,600.7816894,1.0,1.0,5.0,112.0
524,14.948032,120.765037,0.0,30000,0,28.03539653,260.9554845,0.0,4.0,10.0,34.0
525,14.934375,120.760988,0.0,18000,0,60.23703084,209.7812691,1.0,3.0,12.0,29.0
526,15.175993,120.782155,0.0,13000,0,4.153278862,929.4732598,4.0,0.0,2.0,26.0
527,15.171018,120.782812,1.0,60000,0,4.247082553,435.8562155,4.0,0.0,1.0,25.0
528,15.181167,120.6869,0.0,36000,0,8.330953434,355.2337813,1.0,1.0,9.0,57.0
529,15.154827,120.715373,0.0,40000,0,5.182147392,325.5359894,1.0,2.0,5.0,29.0
530,15.131512,120.738237,0.0,35000,0,1.069676033,504.1707483,2.0,2.0,3.0,20.0
531,15.149727,120.709212,0.0,108000,0,2.551433284,509.4906183,1.0,2.0,5.0,32.0
532,15.172872,120.78189,0.0,15000,0,7.32394218,598.1802148,4.0,0.0,1.0,26.0
533,15.13068,120.741045,0.0,10000,0,4.302624174,430.5957377,2.0,2.0,3.0,21.0
534,15.181752,120.688655,0.0,8000,0,0.163572249,268.9473591,1.0,1.0,12.0,55.0
535,15.193148,120.811283,0.0,20000,0,11.50712098,620.4158722,0.0,5.0,9.0,7.0
536,15.172032,120.782332,0.0,16000,0,8.240255243,525.4747735,4.0,0.0,1.0,24.0
537,15.13859,120.726815,0.0,60000,0,5.669930322,487.6708868,1.0,5.0,0.0,14.0
538,15.14109,120.726777,0.0,36000,0,1.784781647,335.0250366,1.0,5.0,0.0,15.0
539,15.125512,120.74109,0.0,40000,0,3.813921918,704.2913846,2.0,2.0,3.0,23.0
540,15.171547,120.782528,1.0,18000,0,1.766812403,481.4478391,4.0,0.0,1.0,24.0
541,15.030082,120.647853,1.0,72000,0,2.027094679,478.8991509,3.0,5.0,4.0,33.0
542,15.058792,120.596973,0.0,210000,0,1.989287914,1309.303867,0.0,0.0,12.0,31.0
543,14.99927,120.661285,0.0,5000,1,1.755797,101.5309438,0.0,0.0,20.0,28.0
544,15.04004,120.623367,0.0,45000,0,4.225940104,764.9178221,2.0,6.0,6.0,23.0
545,15.040515,120.622668,0.0,102000,0,5.072835391,829.8510305,2.0,6.0,6.0,23.0
546,15.038388,120.631398,0.0,40000,0,1.118466625,219.7497974,2.0,8.0,4.0,27.0
547,15.039945,120.642548,0.0,15000,0,9.07115247,369.3732927,2.0,7.0,5.0,32.0
548,15.037232,120.653152,0.0,63000,0,4.306619202,823.0602192,4.0,3.0,7.0,30.0
549,15.057583,120.635985,0.0,4000,1,3.99308227,160.4361777,0.0,8.0,6.0,19.0
550,15.037528,120.653637,0.0,60000,0,1.66872089,773.1890322,2.0,5.0,7.0,30.0
551,15.031818,120.646275,0.0,7200,0,1.785712155,327.9049256,4.0,4.0,4.0,33.0
552,15.0321,120.646155,0.0,30000,0,2.198657727,326.8734022,5.0,3.0,4.0,33.0
553,15.04256,120.905645,0.0,3000,1,44.04073535,47.58611997,45.0,106.0,69.0,77.0
554,15.042258,120.862265,0.0,3000,1,4.924584084,73.55575068,24.0,101.0,108.0,54.0
555,15.051253,120.896808,0.0,5000,1,0.258136463,223.7923526,35.0,126.0,78.0,55.0
556,15.09746,120.760242,0.0,7000,0,13.58477015,773.6639791,0.0,0.0,6.0,26.0
557,15.03284,120.906687,0.0,2500,1,37.96649436,950.741189,37.0,84.0,94.0,79.0
558,15.024585,120.876243,0.0,3000,1,1.943219926,779.8923366,15.0,111.0,127.0,29.0
559,15.038127,120.902815,0.0,6000,1,80.57515922,434.274753,50.0,103.0,80.0,61.0
560,15.02717,120.904785,0.0,10000,0,1.313340856,310.5515419,15.0,95.0,104.0,81.0
561,15.026252,120.857892,0.0,3000,1,4.182089754,937.6654676,21.0,85.0,90.0,89.0
562,15.026295,120.858022,0.0,2000,1,10.37572367,935.0148024,21.0,85.0,93.0,86.0
563,15.037678,120.920073,0.0,5000,1,21.69745535,552.8309687,9.0,78.0,88.0,123.0
564,15.114618,120.915998,0.0,48000,0,1.463142288,43.80250041,2.0,5.0,3.0,221.0
565,15.048998,120.898018,0.0,6000,1,0.004157957,2.841593886,40.0,124.0,78.0,52.0
566,15.041263,120.873423,0.0,3000,1,2.073239498,4.281829646,28.0,150.0,73.0,35.0
567,15.025578,120.876747,0.0,2000,1,0.622620222,707.5172842,17.0,115.0,122.0,28.0
568,15.041062,120.886152,0.0,3500,1,0.419420973,141.4858903,31.0,171.0,47.0,37.0
569,15.041438,120.873477,1.0,4000,1,0.436837977,2.6353282,28.0,151.0,72.0,35.0
570,15.114597,120.820768,0.0,6000,1,50.54024102,101.0687963,2.0,1.0,4.0,81.0
571,15.023922,120.876512,0.0,4000,1,1.687137338,704.9317875,13.0,113.0,126.0,30.0
572,15.04512,120.881092,0.0,5000,1,0.431916853,352.122925,29.0,168.0,53.0,33.0
573,15.022452,120.85876,0.0,6000,1,20.08113398,540.8931242,22.0,73.0,84.0,104.0
574,15.04206,120.87359,0.0,3500,1,2.921139687,7.733961496,27.0,153.0,71.0,35.0
575,15.037348,120.872307,0.0,4000,1,1.512873385,3.905109565,31.0,131.0,87.0,37.0
576,15.042553,120.873752,0.0,2600,1,1.314842186,4.307716504,27.0,153.0,71.0,35.0
577,15.040422,120.863525,0.0,2000,1,7.808313782,103.5081856,23.0,105.0,107.0,52.0
578,15.043552,120.904175,0.0,3000,1,4.519734153,123.5815412,44.0,109.0,70.0,76.0
579,15.035328,120.890738,0.0,3000,1,10.08785845,77.78867395,33.0,154.0,62.0,43.0
580,15.038132,120.903788,0.0,200000,0,32.1545437,449.4507941,51.0,99.0,73.0,71.0
581,15.041293,120.89597,0.0,5000,1,88.33420813,18.56097288,48.0,138.0,66.0,41.0
582,15.043187,120.861002,0.0,6000,1,40.55249804,115.0688481,25.0,100.0,100.0,61.0
583,15.170512,120.904567,0.0,4000,1,0.671862666,50.24015613,2.0,1.0,4.0,15.0
584,15.036135,120.865375,0.0,4100,1,2.904685629,184.3036454,31.0,102.0,106.0,47.0
585,15.033033,120.884437,0.0,4500,1,3.821906042,61.32122821,24.0,174.0,53.0,36.0
586,15.07536,120.817142,0.0,3000,1,3.340737185,73.36569237,0.0,4.0,9.0,212.0
587,15.031495,120.835648,0.0,3600,1,0.485634959,378.6502447,3.0,37.0,61.0,185.0
588,15.051563,120.896312,0.0,4000,1,1.060041609,247.5812598,34.0,130.0,78.0,52.0
589,15.038757,120.872855,0.0,6000,1,0.128083382,4.836554167,27.0,150.0,73.0,36.0
590,15.057697,120.8679,0.0,4000,1,16.33015492,740.7981716,1.0,98.0,133.0,51.0
591,15.048435,120.883093,0.0,4000,1,8.501669948,33.14304256,20.0,175.0,52.0,43.0
592,15.035135,120.90314,0.0,3600,1,1.284724497,762.0407563,51.0,95.0,92.0,56.0
593,15.048868,120.857103,0.0,5000,1,22.23100887,44.51266324,20.0,75.0,102.0,89.0
594,15.030775,120.857313,0.0,3000,1,46.5250042,1225.584328,23.0,85.0,92.0,85.0
595,15.086833,120.807992,0.0,2100,1,15.40736718,665.7185299,2.0,2.0,3.0,150.0
596,15.031455,120.835812,0.0,3000,1,0.600184708,396.7179599,3.0,39.0,59.0,185.0
597,15.042788,120.899957,0.0,5000,1,0.52669196,59.70834421,49.0,119.0,80.0,47.0
598,15.05165,120.895107,0.0,3000,1,26.54184719,232.953909,34.0,133.0,78.0,49.0
599,15.052885,120.895093,0.0,2500,1,4.610816315,366.702521,35.0,124.0,86.0,49.0
600,15.025518,120.87046,0.0,3000,1,1.317240069,1029.841685,16.0,106.0,115.0,43.0
601,15.022515,120.858607,0.0,3000,1,4.956385326,557.2714458,22.0,69.0,87.0,105.0
602,15.051217,120.882593,0.0,3000,1,0.369707955,24.86835141,23.0,158.0,66.0,44.0
603,15.039588,120.88691,0.0,3000,1,4.504355634,8.323662698,30.0,171.0,48.0,37.0
604,15.042235,120.872157,0.0,4000,1,24.80396829,161.8670104,29.0,147.0,74.0,37.0
605,15.08798,120.818092,0.0,5000,1,145.7381661,268.9234357,0.0,5.0,2.0,214.0
606,15.042075,120.87919,0.0,2500,1,5.009870406,575.3669781,30.0,170.0,52.0,31.0
607,15.03101,120.856997,0.0,3200,1,9.014650261,1237.569569,22.0,86.0,92.0,86.0
608,15.035485,120.861982,0.0,4000,1,2.065762527,516.8300105,25.0,105.0,100.0,56.0
609,15.021998,120.876767,0.0,3000,1,21.51434886,491.4005827,12.0,100.0,134.0,36.0
610,15.026557,120.857835,0.0,3000,1,4.794897471,970.1069341,21.0,85.0,92.0,87.0
611,15.035335,120.861272,0.0,4000,1,75.38706996,591.3001045,25.0,105.0,95.0,61.0
612,15.046353,120.898797,0.0,2600,1,8.041856198,225.9133852,41.0,127.0,77.0,51.0
613,15.170783,120.905562,0.0,3000,1,7.891862681,35.5010712,2.0,1.0,4.0,15.0
614,15.04937,120.89589,0.0,4000,1,1.066941215,0.721761962,40.0,132.0,77.0,45.0
615,15.059612,120.901555,0.0,6000,1,2.94964357,30.95296358,14.0,122.0,80.0,79.0
616,15.025448,120.86896,0.0,5000,1,9.51760808,974.8593015,12.0,107.0,116.0,47.0
617,15.064258,120.8976,0.0,3000,1,1.242206844,561.2259985,12.0,92.0,114.0,80.0
618,15.034987,120.873442,0.0,3000,1,5.906750661,13.02504311,26.0,134.0,91.0,34.0
619,15.04408,120.86087,0.0,4000,1,8.174924985,64.25852562,26.0,97.0,102.0,61.0
620,15.059023,120.89617,0.0,5000,1,0.865220245,9.125380201,34.0,100.0,94.0,67.0
621,15.023357,120.87665,0.0,3000,1,12.43267312,641.9500738,12.0,113.0,125.0,32.0
622,15.052602,120.895442,0.0,2600,1,3.998407357,343.1520371,35.0,126.0,83.0,50.0
623,15.042632,120.900895,0.0,5000,1,4.767782356,66.5504096,48.0,116.0,76.0,56.0
624,15.026695,120.883352,0.0,3000,1,5.546094597,9.873141329,17.0,154.0,80.0,32.0
625,15.031022,120.856935,0.0,5000,1,2.2235372,1242.248546,22.0,86.0,92.0,86.0
626,15.050743,120.8968,0.0,6000,1,4.81993133,168.1849687,35.0,129.0,78.0,52.0
627,15.037902,120.911957,0.0,3000,1,4.193503174,656.4856353,34.0,90.0,77.0,96.0
628,15.056398,120.893353,0.0,6000,1,0.974747293,258.2659796,37.0,114.0,84.0,59.0
629,15.021297,120.876765,0.0,4000,1,10.45828341,413.8387167,12.0,93.0,140.0,37.0
630,15.038823,120.913055,0.0,6000,1,0.6571322,593.063223,29.0,91.0,80.0,97.0
631,15.03322,120.90228,0.0,5000,1,22.90001091,784.0213173,38.0,112.0,92.0,51.0
632,15.033198,120.902387,0.0,4000,1,12.27601422,786.0342923,37.0,112.0,93.0,51.0
633,15.032337,120.902867,0.0,5000,1,88.89071087,718.6893538,33.0,105.0,100.0,55.0
634,15.089652,120.804492,0.0,3000,1,1.750273303,346.8238169,2.0,2.0,4.0,131.0
635,15.050572,120.855408,0.0,3000,1,2.661391423,60.51665941,16.0,71.0,106.0,91.0
636,15.025352,120.874998,0.0,72000,0,0.670607472,841.6325647,17.0,107.0,127.0,31.0
637,15.051977,120.87498,0.0,2500,1,1.950606068,282.7707914,15.0,140.0,93.0,37.0
638,15.046462,120.858873,0.0,3000,1,1.474848492,65.33462893,22.0,83.0,115.0,67.0
639,15.114853,120.82226,0.0,3000,1,48.73723443,263.9306071,2.0,0.0,5.0,88.0
640,15.115827,120.821592,0.0,2400,1,14.61136227,212.8141112,2.0,0.0,5.0,80.0
641,15.060473,120.902295,0.0,3000,1,6.37685691,32.38226347,10.0,119.0,81.0,85.0
642,15.036353,120.910578,0.0,4000,1,1.383712001,807.9274145,39.0,85.0,79.0,93.0
643,15.090888,120.805937,0.0,3000,1,7.317283947,264.2275134,2.0,2.0,4.0,130.0
644,15.042442,120.862068,0.0,32700,0,0.458117139,77.32195776,23.0,102.0,107.0,55.0
645,15.04122,120.897428,0.0,2500,1,47.75359115,35.389018,47.0,136.0,69.0,42.0
646,15.053822,120.891135,0.0,3000,1,16.63438807,55.88078913,35.0,130.0,83.0,46.0
647,15.032865,120.902425,0.0,2500,1,25.86700063,752.9749592,35.0,114.0,93.0,51.0
648,15.049128,120.85668,0.0,3000,1,5.070955348,61.78824888,20.0,75.0,102.0,89.0
649,15.05636,120.893173,0.0,3000,1,1.102435598,246.4697718,37.0,114.0,84.0,60.0
650,15.038597,120.904685,0.0,2500,1,10.29017333,393.9182835,52.0,98.0,72.0,73.0
651,15.0602,120.899333,0.0,3400,1,1.183511676,135.8219852,19.0,112.0,95.0,69.0
652,15.049428,120.895763,0.0,2500,1,2.764929538,4.488994843,40.0,132.0,77.0,45.0
653,15.046818,120.85852,0.0,3000,1,3.670422777,69.67751319,22.0,78.0,117.0,70.0
654,15.063062,120.897258,1.0,4000,1,30.76240292,425.3096704,12.0,98.0,112.0,74.0
655,15.052827,120.882133,0.0,2500,1,1.767271582,17.80952352,22.0,150.0,75.0,43.0
656,15.041607,120.89768,0.0,2500,1,44.52373591,38.46254813,46.0,134.0,71.0,44.0
657,15.02648,120.858033,0.0,1500,1,4.119155113,952.4656661,21.0,85.0,94.0,85.0
658,15.0276,120.907257,0.0,5000,1,21.59097374,406.8428774,22.0,87.0,100.0,88.0
659,15.05787,120.897985,0.0,3000,1,2.693761491,43.56904537,40.0,100.0,88.0,66.0
660,15.04023,120.86363,0.0,2500,1,11.22749089,108.8890894,26.0,102.0,107.0,52.0
661,15.03654,120.907408,0.0,2600,1,15.31137125,695.63188,45.0,94.0,76.0,81.0
662,15.033665,120.873693,0.0,3000,1,1.0479256,65.71597276,29.0,124.0,98.0,31.0
663,15.048532,120.880312,0.0,1500,1,1.467266118,314.4358964,19.0,171.0,58.0,38.0
664,15.053432,120.878683,0.0,2500,1,0.732479742,5.111048192,13.0,146.0,89.0,38.0
665,15.02816,120.856287,0.0,12000,0,26.3457806,1200.514304,22.0,76.0,82.0,104.0
666,15.04539,120.896528,0.0,3000,1,2.698005167,333.1141719,44.0,132.0,76.0,43.0
667,15.023942,120.843465,0.0,3400,1,10.47312106,596.9722942,2.0,49.0,71.0,160.0
668,15.026057,120.85796,0.0,3500,1,0.386682981,915.301337,21.0,85.0,91.0,88.0
669,15.133755,120.901117,0.0,3000,1,6.017283505,0.521531306,2.0,5.0,4.0,82.0
670,15.032802,120.90306,0.0,6000,1,63.89534937,774.0129756,35.0,106.0,95.0,58.0
671,15.053305,120.893792,0.0,3000,1,4.049484373,346.7148089,35.0,125.0,85.0,50.0
672,15.134742,120.909522,0.0,2000,1,1.490120592,41.86969896,2.0,5.0,4.0,82.0
673,15.056663,120.889625,0.0,1200,1,2.227178023,14.36035126,28.0,121.0,95.0,53.0
674,15.054208,120.89401,0.0,1200,1,5.921550128,362.4397645,34.0,123.0,88.0,49.0
675,15.056562,120.889557,0.0,3000,1,7.253978037,3.624413729,28.0,122.0,95.0,52.0
676,15.034568,120.871543,0.0,3000,1,6.491860507,72.09502761,27.0,116.0,107.0,33.0
677,15.050328,120.855605,0.0,1500,1,2.859986994,62.344266,17.0,70.0,106.0,91.0
678,15.042058,120.873637,0.0,1200,1,2.067598005,2.780135571,27.0,153.0,71.0,35.0
679,15.030733,120.856903,0.0,1600,1,3.696660416,1263.694684,23.0,85.0,92.0,85.0
680,15.049748,120.897478,0.0,3000,1,3.83455005,73.77699097,38.0,128.0,76.0,52.0
681,15.043105,120.905835,0.0,1500,1,10.42139958,50.13450819,45.0,105.0,70.0,76.0
682,15.05446,120.894058,0.0,3000,1,5.296865495,367.183031,35.0,121.0,88.0,50.0
683,15.01573,120.846887,0.0,4000,1,11.73693851,133.5966265,3.0,33.0,76.0,169.0
684,15.02835,120.856337,0.0,38000,0,7.206850525,1221.786074,23.0,76.0,82.0,103.0
685,15.042042,120.903392,0.0,5000,1,44.28775337,57.17519172,47.0,106.0,70.0,74.0
686,15.04118,120.897443,0.0,3200,1,44.68757013,37.82727509,47.0,136.0,69.0,42.0
687,15.033047,120.902695,0.0,4000,1,17.41946027,782.5025936,36.0,111.0,92.0,55.0
688,15.043915,120.860947,0.0,152000,0,3.666077102,69.23622225,26.0,97.0,102.0,61.0
689,15.032922,120.902545,0.0,2000,1,16.71913568,763.5851594,35.0,113.0,94.0,51.0
690,15.028733,120.834592,0.0,1600,1,14.83783668,350.9944469,3.0,26.0,70.0,187.0
691,15.030787,120.85738,0.0,3000,1,53.4476285,1219.051058,23.0,86.0,91.0,85.0
692,15.033715,120.902853,0.0,1800,1,49.76932337,857.3525422,40.0,104.0,93.0,57.0
693,15.033,120.884558,0.0,2000,1,7.938470252,68.32440149,24.0,174.0,53.0,36.0
694,15.053112,120.878558,0.0,2500,1,5.612647356,0.651537188,13.0,146.0,89.0,39.0
695,15.033392,120.884408,0.0,3400,1,2.652532318,22.35679711,24.0,174.0,53.0,36.0
696,15.02632,120.867583,0.0,2500,1,17.11755136,965.5910386,11.0,112.0,110.0,48.0
697,15.03858,120.887448,0.0,2600,1,9.548289479,39.03878404,29.0,172.0,48.0,36.0
698,15.02272,120.85835,0.0,1800,1,18.68547112,592.7901903,22.0,69.0,84.0,110.0
699,15.038503,120.89244,0.0,3000,1,36.30259264,16.62074891,31.0,161.0,60.0,39.0
700,15.025787,120.857905,0.0,2000,1,10.96784408,892.5570772,21.0,85.0,81.0,98.0
701,15.037682,120.872503,0.0,3400,1,1.84642332,3.088005039,30.0,140.0,79.0,37.0
702,15.040733,120.897305,0.0,3200,1,30.07786784,35.79815508,50.0,133.0,69.0,41.0
703,15.038437,120.89363,0.0,1400,1,11.93710549,94.38896984,35.0,152.0,65.0,41.0
704,15.034577,120.871525,0.0,2000,1,6.67201387,72.00380854,27.0,116.0,107.0,33.0
705,15.049328,120.882955,1.0,1600,1,1.719112163,17.13230627,20.0,170.0,57.0,44.0
706,15.053002,120.895028,0.0,2500,1,0.580006899,378.0068123,35.0,124.0,86.0,49.0
707,15.055808,120.889745,0.0,2000,1,4.175574141,7.264843054,33.0,121.0,94.0,49.0
708,15.04142,120.886013,0.0,3100,1,3.719180299,137.1706187,32.0,170.0,47.0,37.0
709,15.038808,120.903957,0.0,1500,1,17.83200312,373.2165989,52.0,99.0,72.0,71.0
710,15.03899,120.887187,0.0,2500,1,2.861465061,20.60728779,29.0,171.0,49.0,36.0
711,15.039153,120.887603,0.0,1000,1,4.692336456,68.10921991,29.0,174.0,46.0,36.0
712,15.03822,120.903478,0.0,40000,0,23.40050161,444.0186441,50.0,102.0,71.0,71.0
713,15.033327,120.88436,0.0,3600,1,4.079724056,28.11318014,24.0,174.0,53.0,36.0
714,15.055485,120.889953,0.0,1900,1,1.391660841,2.946375648,33.0,121.0,94.0,49.0
715,15.051557,120.854587,0.0,2400,1,5.360034049,59.27238669,12.0,69.0,111.0,93.0
716,15.046953,120.912443,0.0,3500,1,2.656731249,92.65072893,12.0,120.0,66.0,100.0
717,15.039543,120.913757,0.0,4000,1,3.238066427,558.6516442,25.0,95.0,79.0,98.0
718,15.040888,120.897273,0.0,2900,1,47.20338318,26.13900008,49.0,134.0,69.0,41.0
719,15.05491,120.881553,0.0,3000,1,8.731502321,244.3618892,20.0,142.0,85.0,44.0
720,15.03641,120.90643,0.0,2000,1,30.64278922,669.8046869,44.0,97.0,79.0,76.0
721,15.055783,120.889803,0.0,37000,0,0.398117293,2.88671973,33.0,121.0,94.0,49.0
722,15.131775,120.898077,0.0,36000,0,4.531361225,26.2057326,1.0,6.0,4.0,94.0
723,15.041482,120.903858,0.0,1900,1,3.283567056,83.43465048,52.0,99.0,72.0,72.0
724,15.051233,120.855113,0.0,3000,1,17.7463014,37.6486112,13.0,70.0,109.0,92.0
725,15.167977,120.910613,0.0,4000,1,0.549371117,37.17104489,2.0,1.0,4.0,15.0
726,15.050153,120.855728,0.0,2500,1,4.542681314,65.13550909,17.0,71.0,105.0,91.0
727,15.038882,120.901235,0.0,2400,1,151.7209001,323.5780919,54.0,107.0,83.0,50.0
728,15.01735,120.845025,0.0,2000,1,6.057758965,60.31315876,2.0,34.0,75.0,172.0
729,15.034007,120.875877,0.0,3000,1,3.165350439,10.86558097,35.0,156.0,62.0,33.0
730,15.03463,120.8746,0.0,1900,1,0.412137801,4.765105373,25.0,152.0,75.0,33.0
731,15.03593,120.871877,0.0,3000,1,2.959839504,6.626649804,27.0,129.0,94.0,36.0
732,15.032995,120.884497,0.0,1900,1,1.436991933,67.29991911,24.0,175.0,52.0,36.0
733,15.045403,120.908645,0.0,2000,1,0.444909157,100.9729277,26.0,118.0,65.0,91.0
734,15.037618,120.892068,0.0,2500,1,29.77395158,31.28294418,38.0,152.0,60.0,41.0
735,15.04302,120.861655,0.0,110000,0,4.012802252,71.89615659,23.0,102.0,106.0,56.0
736,15.043512,120.903552,0.0,1700,1,5.782573491,78.34634668,43.0,110.0,69.0,77.0
737,15.036103,120.865407,0.0,300,1,1.382951722,185.2068216,31.0,102.0,106.0,47.0
738,15.049067,120.856663,0.0,1200,1,0.596006334,67.45384115,20.0,75.0,102.0,89.0
739,15.03629,120.906672,0.0,2000,1,43.14715589,690.9647869,43.0,97.0,80.0,76.0
740,15.036525,120.907705,0.0,3000,1,16.63842638,710.7368496,46.0,91.0,78.0,81.0
741,15.050782,120.896873,0.0,2500,1,4.019138076,173.8842688,35.0,129.0,78.0,52.0
742,15.040985,120.897343,0.0,3000,1,50.49383758,31.44891001,48.0,135.0,69.0,41.0
743,15.038915,120.901277,0.0,4000,1,145.9430182,320.1603434,54.0,106.0,84.0,50.0
744,15.033025,120.875522,0.0,2500,1,3.04842017,47.41461747,32.0,144.0,77.0,29.0
745,15.03302,120.884515,0.0,1600,1,3.97813307,65.07410803,24.0,174.0,53.0,36.0
746,15.03576,120.863607,0.0,4000,1,0.801392206,354.0795562,32.0,98.0,106.0,50.0
747,15.036002,120.90741,0.0,3000,1,7.126340156,750.4192228,43.0,94.0,78.0,81.0
748,15.033323,120.884318,0.0,4000,1,8.570897719,26.78172779,24.0,174.0,53.0,36.0
749,15.03341,120.884395,0.0,4200,1,1.771621585,20.08954448,24.0,173.0,54.0,36.0
750,15.037863,120.892188,0.0,3000,1,29.02666552,26.28947269,39.0,153.0,58.0,42.0
751,15.039793,120.895625,0.0,1600,1,1.28572638,64.81813787,42.0,145.0,66.0,41.0
752,15.017147,120.875763,0.0,1500,1,16.33853817,106.236903,9.0,88.0,140.0,44.0
753,15.022985,120.85847,0.0,3000,1,1.16724641,605.5198469,22.0,69.0,90.0,104.0
754,15.052888,120.895317,0.0,2000,1,1.377881115,371.7476323,36.0,122.0,85.0,51.0
755,15.02226,120.85741,0.0,3000,1,2.992351733,575.197382,22.0,69.0,66.0,127.0
756,15.049187,120.874987,0.0,4200,1,1.341373776,68.61347441,21.0,144.0,87.0,33.0
757,15.0384,120.892448,0.0,3500,1,42.7997686,22.40995524,31.0,161.0,60.0,39.0
758,15.03821,120.892348,0.0,2000,1,30.32801532,22.00890854,31.0,161.0,59.0,41.0
759,15.06236,120.897797,0.0,3000,1,2.202534119,360.1707935,14.0,96.0,112.0,73.0
760,15.062527,120.901817,0.0,3000,1,0.018735096,138.5257323,11.0,109.0,83.0,92.0
761,15.056402,120.889572,0.0,4000,1,2.351908861,1.007935841,30.0,121.0,94.0,52.0
762,15.037118,120.90478,0.0,3000,1,52.13458668,557.8868217,48.0,100.0,72.0,74.0
763,15.039143,120.88768,0.0,2000,1,2.748129152,75.93465588,29.0,174.0,46.0,36.0
764,15.036708,120.9079,0.0,30000,0,3.771510575,702.4496637,45.0,92.0,76.0,83.0
765,15.03554,120.862568,0.0,4000,1,7.641530468,460.5164274,28.0,103.0,100.0,55.0
766,15.040383,120.91536,0.0,2000,1,1.941878564,463.1965619,19.0,94.0,84.0,100.0
767,15.044803,120.921935,0.0,3400,1,0.742090772,96.03495557,6.0,88.0,69.0,136.0
768,15.025423,120.876082,0.0,4000,1,1.42053601,781.0166728,17.0,113.0,124.0,28.0
769,15.033112,120.874827,0.0,4200,1,9.778116711,70.05485334,26.0,138.0,89.0,29.0
770,15.115225,120.915865,0.0,60000,0,0.291804911,6.59859851,2.0,5.0,2.0,220.0
771,15.135312,120.912,0.0,4000,1,18.69378599,32.38122897,1.0,6.0,4.0,78.0
772,15.035267,120.9025,0.0,3000,1,15.33145637,734.4008031,52.0,98.0,88.0,56.0
773,15.026355,120.857905,0.0,200000,0,0.993004144,946.9115533,21.0,85.0,91.0,88.0
774,15.031758,120.835207,0.0,3000,1,1.339704416,324.174281,3.0,32.0,66.0,185.0
775,15.046282,120.880707,0.0,4000,1,18.94282495,344.1633734,26.0,167.0,57.0,36.0
776,15.06205,120.901077,0.0,3000,1,21.70891009,161.6270774,10.0,113.0,88.0,84.0
777,15.041853,120.896753,0.0,2000,1,4.485752675,58.79459101,47.0,136.0,69.0,42.0
778,15.056382,120.889515,0.0,3000,1,4.162333164,7.523802579,30.0,121.0,95.0,51.0
779,15.021032,120.86655,0.0,4000,1,3.563980713,453.8444983,10.0,86.0,132.0,51.0
780,15.046927,120.912515,0.0,6000,1,1.915272659,93.51839252,12.0,120.0,66.0,100.0
781,15.02363,120.87638,0.0,3000,1,5.174000198,673.4419324,13.0,110.0,127.0,32.0
782,15.040613,120.916413,0.0,2000,1,7.953597249,394.0569571,14.0,95.0,87.0,101.0
783,15.055192,120.853277,0.0,4000,1,6.737115062,45.57196859,9.0,48.0,131.0,96.0
784,15.115322,120.915917,0.0,3000,1,3.743729211,5.018938825,2.0,5.0,2.0,219.0
785,15.021543,120.857717,0.0,3000,1,29.38009555,513.2976586,17.0,71.0,71.0,125.0
786,15.036227,120.871863,0.0,2500,1,0.057668874,3.588371607,29.0,128.0,93.0,36.0
787,15.053533,120.892048,0.0,3000,1,0.86692914,159.1073442,32.0,131.0,85.0,47.0
788,15.041403,120.901443,0.0,4000,1,26.47706943,46.76405746,49.0,111.0,78.0,57.0
789,15.04515,120.914318,0.0,3000,1,6.629992044,114.1168552,13.0,114.0,69.0,102.0
790,15.034528,120.90924,0.0,5000,1,18.35215549,983.2736735,41.0,82.0,84.0,90.0
791,15.053945,120.881675,0.0,4000,1,5.148959113,141.0207439,21.0,145.0,81.0,44.0
792,15.048657,120.856955,0.0,3000,1,4.920016824,71.56753428,20.0,77.0,100.0,89.0
793,15.046582,120.859208,0.0,4000,1,34.26846423,29.06812755,22.0,82.0,116.0,67.0
794,15.036088,120.910302,0.0,3000,1,1.618487611,837.0817615,40.0,84.0,80.0,92.0
795,15.1175,120.902153,0.0,3000,1,15.16709659,87.44559105,0.0,7.0,1.0,231.0
796,15.037485,120.891253,0.0,3500,1,2.696267711,32.03483575,35.0,158.0,56.0,42.0
797,15.163183,120.919412,0.0,3000,1,1.96193844,10.64485973,0.0,3.0,4.0,13.0
798,15.048655,120.89855,0.0,4500,1,0.164234007,7.802801031,39.0,123.0,75.0,57.0
799,15.028817,120.908812,0.0,6000,1,52.58892915,543.5226818,24.0,86.0,94.0,91.0
800,15.03469,120.871202,0.0,2000,1,4.946021345,75.23754929,29.0,114.0,107.0,33.0
801,15.043925,120.860907,0.0,3500,0,0.92078083,71.89669495,26.0,97.0,102.0,61.0
802,15.038667,120.902703,0.0,100000,0,70.00289058,374.0144462,53.0,99.0,77.0,65.0
803,15.03794,120.903762,0.0,74000,0,53.05593014,470.868092,51.0,99.0,73.0,71.0
804,15.037707,120.872488,0.0,45000,0,0.912435724,5.828208583,30.0,140.0,79.0,37.0
805,15.041665,120.88588,0.0,5000,1,2.780288759,123.6191432,32.0,170.0,47.0,37.0
806,15.040387,120.863647,0.0,4500,1,0.498421765,96.13058483,26.0,102.0,107.0,53.0
807,15.055838,120.889815,0.0,6000,1,4.050468748,0.954271322,33.0,121.0,94.0,49.0
808,15.038502,120.916572,0.0,2400,1,1.604468714,558.4331576,15.0,86.0,96.0,100.0
809,15.043852,120.860967,0.0,9000,1,1.14146904,71.92483854,26.0,97.0,102.0,61.0
810,15.019917,120.854653,0.0,72000,0,4.581470342,304.9872137,17.0,62.0,64.0,141.0
811,15.035467,120.869052,0.0,7000,1,4.0022475,94.26702102,32.0,103.0,112.0,36.0
812,15.03412,120.872223,0.0,8000,1,11.35599116,86.38689197,28.0,115.0,107.0,33.0
813,15.041892,120.919195,0.0,6000,1,18.94206053,96.13793742,11.0,91.0,79.0,115.0
814,15.041405,120.885993,0.0,4000,1,1.644835066,139.776742,32.0,170.0,47.0,37.0
815,15.049377,120.895903,0.0,5000,1,0.051502378,1.742659486,40.0,132.0,77.0,45.0
816,15.043617,120.878223,0.0,6000,1,26.1266701,432.2625486,24.0,178.0,51.0,33.0
817,15.052815,120.882113,0.0,6000,1,0.479530288,19.980228,22.0,150.0,75.0,43.0
818,15.062045,120.899333,0.0,8000,1,5.184356419,280.0873552,12.0,108.0,100.0,75.0
819,15.049678,120.897582,0.0,6000,1,0.397057313,68.28066047,38.0,126.0,78.0,52.0
820,15.035892,120.868685,0.0,3000,1,24.36325499,68.15359121,33.0,102.0,111.0,37.0
821,15.027162,120.904783,0.0,1500,1,0.736867938,309.6794353,15.0,95.0,104.0,81.0
822,15.021827,120.857685,0.0,4500,1,26.64500802,540.692031,20.0,69.0,70.0,125.0
823,15.041905,120.899167,0.0,5000,1,30.00243497,39.01409821,48.0,124.0,79.0,44.0
824,14.961388,120.509613,0.0,18000,0,4.652811162,10.52090707,0.0,2.0,6.0,39.0
825,15.003457,120.49004,0.0,34000,0,2.251833611,351.7952867,3.0,2.0,6.0,23.0
826,14.977805,120.540042,0.0,120000,0,2.3917021,1.459991022,0.0,4.0,7.0,28.0
827,14.964603,120.528927,0.0,25000,0,4.824456031,71.3418423,1.0,3.0,3.0,39.0
828,15.002482,120.49155,0.0,10000,0,1.276900703,364.8606719,3.0,2.0,7.0,23.0
829,15.003965,120.51528,0.0,28000,0,2.750543023,539.591996,0.0,6.0,12.0,17.0
830,14.99758,120.501177,0.0,38000,0,3.202154623,703.195644,0.0,5.0,10.0,20.0
831,15.003897,120.4891,0.0,60000,0,4.304285446,381.4350188,3.0,2.0,6.0,23.0
832,15.004512,120.492275,0.0,48000,0,41.6965855,127.6299505,3.0,2.0,6.0,23.0
833,14.979703,120.47403,0.0,12000,0,14.74756786,264.0980829,0.0,0.0,6.0,26.0
834,14.965582,120.529615,0.0,40000,0,8.851508824,16.47909684,1.0,3.0,3.0,39.0
835,15.010533,120.571743,0.0,102000,0,1.092947754,471.7031034,3.0,6.0,6.0,39.0
836,15.011452,120.571023,0.0,30000,0,0.904118206,550.9029257,3.0,6.0,7.0,38.0
837,14.99707,120.543852,0.0,24000,0,26.38784886,515.4738949,0.0,3.0,17.0,22.0
838,14.982893,120.605932,0.0,53750,0,9.700672715,0.454601895,0.0,0.0,5.0,31.0
839,15.006337,120.562887,0.0,63000,0,0.47244102,118.7062761,0.0,10.0,5.0,33.0
840,15.015887,120.56965,0.0,22000,0,16.54020451,691.9206716,4.0,5.0,5.0,39.0
841,15.01784,120.529053,0.0,60000,0,2.843154608,521.2980061,0.0,6.0,21.0,10.0
842,15.019647,120.565535,0.0,7200,0,3.261492889,208.8971359,3.0,7.0,6.0,37.0
843,14.87298,120.518695,0.0,2000,0,0.191108019,1030.079458,1.0,2.0,4.0,23.0
844,14.905133,120.52023,0.0,30000,0,3.690680705,630.3861783,1.0,0.0,5.0,18.0
845,14.90767,120.586535,0.0,7000,0,1.713265103,4.565105144,0.0,1.0,0.0,9.0
846,14.871542,120.521235,0.0,10000,0,9.612943093,1071.144522,1.0,1.0,5.0,23.0
847,14.954925,120.544797,0.0,48000,0,0.560719343,494.2671285,0.0,3.0,2.0,32.0
848,14.899858,120.518447,0.0,200000,0,1.535601549,441.5489426,1.0,1.0,6.0,17.0
849,15.214143,120.615973,0.0,3000,1,1.485308034,41.59536513,2.0,9.0,10.0,41.0
850,15.237432,120.603597,0.0,50000,0,7.939210677,298.4907657,0.0,2.0,11.0,58.0
851,15.196655,120.604295,0.0,61000,0,4.341152724,159.1452471,0.0,6.0,9.0,28.0
852,15.218093,120.606462,0.0,6000,1,6.113141008,302.8319893,0.0,6.0,12.0,41.0
853,15.178092,120.616463,0.0,60000,0,16.38012361,438.7006585,0.0,3.0,11.0,30.0
854,15.205468,120.63784,0.0,100000,0,8.210812842,69.64988108,4.0,9.0,13.0,38.0
855,15.210487,120.623742,0.0,74000,0,5.492118835,75.94616597,3.0,11.0,7.0,41.0
856,15.205437,120.646902,0.0,45000,0,5.981144788,287.7791802,2.0,10.0,18.0,36.0
857,15.21958,120.67445,0.0,72000,0,2.113653848,716.3825317,3.0,9.0,32.0,27.0
858,15.219488,120.674082,0.0,5000,0,5.561018953,720.1279239,3.0,9.0,32.0,27.0
859,15.26807,120.66015,0.0,18000,0,8.197984874,198.7498534,1.0,8.0,18.0,57.0
860,15.252965,120.695628,0.0,10000,0,35.30485054,371.4259473,7.0,12.0,22.0,24.0
861,15.231442,120.64305,0.0,38000,0,1.228716266,735.788924,4.0,9.0,21.0,41.0
862,15.247437,120.670303,0.0,8000,0,2.421029843,410.0889721,2.0,18.0,20.0,38.0
863,15.23829,120.648612,0.0,16000,0,4.618100817,751.6879077,4.0,8.0,28.0,41.0
864,15.24639,120.691388,0.0,60000,0,5.199212124,437.0734492,7.0,14.0,20.0,26.0
865,15.252782,120.737303,0.0,40000,0,132.5953712,91.19667917,2.0,5.0,13.0,33.0
866,15.210337,120.684848,0.0,102000,0,1.084054942,181.8605123,1.0,14.0,20.0,36.0
867,15.24646,120.69161,0.0,30000,0,19.06277066,431.0093516,7.0,15.0,19.0,26.0
868,15.206313,120.637473,0.0,7000,0,0.273115678,171.1073228,3.0,10.0,13.0,38.0
869,15.22663,120.686157,0.0,16000,0,2.466232902,257.39704,4.0,18.0,19.0,30.0
870,15.218777,120.68483,0.0,60000,0,2.185594766,481.8719087,2.0,14.0,25.0,31.0
871,15.243025,120.657393,0.0,110000,0,2.930014653,214.4806457,1.0,13.0,29.0,39.0
872,15.265965,120.70394,0.0,200000,0,24.27850652,312.6609269,0.0,12.0,17.0,30.0
873,15.226567,120.6952,0.0,7000,0,4.513308414,12.06915611,7.0,15.0,13.0,34.0
874,15.25288,120.655175,0.0,48000,0,6.219938575,451.4026343,0.0,15.0,18.0,51.0
875,15.236618,120.642862,0.0,200000,0,0.61389815,894.8808087,4.0,5.0,25.0,45.0
876,15.232147,120.696165,0.0,110000,0,6.13318441,354.0943388,6.0,19.0,13.0,31.0
877,15.220995,120.710325,0.0,30000,0,0.415660568,450.4205532,0.0,11.0,20.0,40.0
878,15.232065,120.700898,0.0,60000,0,2.228316222,548.6377062,5.0,15.0,17.0,30.0
879,15.265667,120.655958,0.0,3500,0,11.76042092,1.536328022,1.0,9.0,16.0,59.0
880,15.262818,120.735053,0.0,40000,0,3.466832424,415.510695,1.0,5.0,9.0,35.0
881,15.20622,120.62475,0.0,100000,0,43.05518454,141.8900535,2.0,11.0,8.0,41.0
882,15.250818,120.726452,0.0,74000,0,0.279111056,209.4900325,3.0,5.0,16.0,30.0
883,15.238205,120.648618,0.0,45000,0,4.49531734,759.3240749,4.0,8.0,28.0,41.0
884,15.250822,120.726488,0.0,72000,0,1.805782782,207.1800753,3.0,5.0,16.0,30.0
885,15.234535,120.69963,0.0,200000,0,0.820026452,260.287536,4.0,15.0,19.0,29.0
886,15.190343,120.635562,0.0,18000,0,12.42917835,208.2683905,2.0,9.0,5.0,46.0
887,15.256158,120.7404,0.0,10000,0,2.484009169,100.2915639,2.0,4.0,5.0,39.0
888,15.241713,120.650867,0.0,38000,0,7.498315498,302.1105926,3.0,9.0,28.0,42.0
889,15.24734,120.668053,0.0,20000,0,5.541745066,260.3631956,2.0,17.0,21.0,41.0
890,15.25419,120.690905,0.0,40000,0,4.188351042,325.2781591,7.0,9.0,28.0,23.0
891,15.254203,120.694245,0.0,102000,0,1.073454523,408.5958891,7.0,11.0,23.0,25.0
892,15.2429,120.714898,0.0,7000,0,0.810077884,352.7766602,1.0,21.0,8.0,29.0
893,15.247192,120.691117,0.0,10000,0,18.12225794,527.6895067,7.0,14.0,20.0,26.0
894,15.210053,120.623843,0.0,48000,0,17.43849594,123.0875631,3.0,11.0,7.0,41.0
895,15.229273,120.642375,0.0,16000,0,4.60434271,512.9478907,2.0,13.0,19.0,39.0
896,15.276013,120.65176,0.0,40000,0,8.816621829,61.96593553,1.0,4.0,11.0,74.0
897,15.246657,120.71953,0.0,102000,0,7.342870633,178.8260216,3.0,11.0,14.0,29.0
898,15.247353,120.730637,0.0,30000,0,2.081898514,153.1690937,3.0,4.0,17.0,33.0
899,15.196973,120.636817,0.0,7000,0,1.907874729,369.4084977,4.0,7.0,12.0,39.0
900,15.215135,120.636572,0.0,10000,0,0.319159705,236.0880696,1.0,15.0,13.0,36.0
901,15.205618,120.63866,0.0,8000,0,1.517104597,61.91347122,4.0,9.0,14.0,38.0
902,15.25053,120.691065,0.0,200000,0,4.023444169,709.6183879,7.0,14.0,21.0,25.0
903,15.217698,120.673217,0.0,72000,0,0.527570439,759.4267638,3.0,9.0,33.0,25.0
904,15.250638,120.69107,0.0,32700,0,1.567658293,698.3326057,7.0,14.0,21.0,25.0
905,15.257047,120.674997,0.0,12000,0,6.54152479,197.1467271,1.0,14.0,25.0,39.0
906,15.224945,120.694958,0.0,57000,0,0.798729711,181.1016861,5.0,16.0,16.0,33.0
907,15.188277,120.638038,0.0,76000,0,2.702027818,105.1118005,2.0,9.0,7.0,44.0
908,15.249697,120.673845,0.0,2000,0,3.985640024,394.41027,3.0,17.0,21.0,35.0
909,15.227135,120.695583,0.0,18000,0,1.847011029,62.89322373,6.0,17.0,12.0,34.0
910,15.197703,120.692395,0.0,10000,0,12.09620972,158.3875033,0.0,4.0,15.0,56.0
911,15.219105,120.672072,0.0,38000,0,4.696692324,765.9160923,3.0,9.0,33.0,26.0
912,15.225887,120.694917,0.0,16000,0,4.574210053,92.53250051,6.0,16.0,14.0,34.0
913,15.228578,120.670255,0.0,60000,0,19.77000478,31.63007096,0.0,21.0,22.0,28.0
914,14.980352,120.702893,0.0,61000,0,2.103219954,387.8396856,13.0,1.0,15.0,24.0
915,14.959263,120.72103,0.0,40000,0,0.370403656,19.06116429,2.0,13.0,14.0,12.0
916,14.950812,120.717793,0.0,102000,0,2.527300787,167.6533784,4.0,7.0,19.0,8.0
917,14.980293,120.702925,0.0,30000,0,2.832485525,393.9446251,13.0,1.0,15.0,24.0
918,14.947603,120.717573,0.0,7000,0,2.417750264,342.4521416,3.0,7.0,20.0,8.0
919,14.980607,120.701005,0.0,37000,0,4.299224248,194.0802572,13.0,1.0,15.0,25.0
920,14.952807,120.730877,0.0,110000,0,2.231233708,463.139217,3.0,11.0,18.0,8.0
921,14.962675,120.731762,0.0,3000,1,0.145269714,250.2617154,3.0,10.0,18.0,17.0
922,14.974987,120.73503,0.0,60000,0,8.52691489,614.2764061,3.0,6.0,20.0,19.0
923,14.977805,120.698598,0.0,744000,0,22.2328845,96.65957412,12.0,1.0,16.0,24.0
924,14.970942,120.733388,0.0,100000,0,6.31744096,516.3586598,4.0,8.0,18.0,17.0
925,14.976273,120.699432,0.0,74000,0,0.282244692,286.8144496,12.0,2.0,15.0,21.0
926,14.949475,120.717668,0.0,45000,0,0.773536491,291.6826101,3.0,8.0,19.0,8.0
927,14.973987,120.701212,0.0,72000,0,1.935150221,187.7995534,12.0,2.0,14.0,20.0
928,14.980012,120.70067,0.0,37000,0,0.596663931,185.7772672,13.0,1.0,15.0,25.0
929,14.950042,120.71767,0.0,1500,1,4.77841322,233.7925747,3.0,8.0,19.0,8.0
930,14.98071,120.702617,0.0,30000,0,5.020239198,341.0326887,13.0,1.0,15.0,25.0
931,14.955945,120.729462,0.0,60000,0,1.823993589,369.1792717,5.0,8.0,19.0,11.0
932,14.980363,120.70104,0.0,60000,0,13.3575964,209.2174748,13.0,1.0,15.0,25.0
933,14.97838,120.699612,0.0,3500,0,1.83677527,144.2782594,13.0,0.0,16.0,24.0
934,14.97753,120.699433,0.0,100000,0,41.44765887,182.2574266,12.0,1.0,16.0,23.0
935,14.968367,120.733837,0.0,45000,0,0.711078368,384.8662313,4.0,9.0,19.0,15.0
936,14.979698,120.700497,0.0,72000,0,0.115800646,179.843001,13.0,0.0,16.0,25.0
937,14.980215,120.700815,0.0,18000,0,1.713911272,192.9751786,13.0,1.0,15.0,25.0
938,15.051848,120.533245,0.0,10000,0,4.096058203,423.5862875,0.0,6.0,10.0,24.0
939,15.070525,120.519638,0.0,38000,0,1.031211056,120.7881849,0.0,1.0,9.0,23.0
940,15.039235,120.524457,0.0,7000,0,1.646640016,773.2551546,2.0,7.0,8.0,21.0
941,15.039102,120.48485,0.0,48000,0,1.298841232,121.603161,0.0,3.0,7.0,23.0
942,15.037217,120.504512,0.0,200000,0,0.702397241,45.57824691,2.0,4.0,11.0,17.0
943,15.079763,120.547428,0.0,60000,0,35.19136119,294.4464197,0.0,0.0,6.0,31.0
944,15.110792,120.568568,0.0,100000,0,6.845106051,351.6762885,0.0,2.0,1.0,22.0
945,15.04028,120.524112,0.0,74000,0,1.619600529,817.4790151,2.0,7.0,7.0,23.0
946,15.044567,120.500093,0.0,18000,0,4.613732855,155.8892992,1.0,4.0,10.0,19.0
947,15.121327,120.553822,0.0,10000,0,0.421229029,353.8415036,1.0,1.0,1.0,16.0
948,15.032933,120.53471,0.0,38000,0,2.23640879,255.425266,1.0,5.0,16.0,20.0
949,15.0351,120.497995,0.0,60000,0,17.48616855,496.1356133,1.0,4.0,11.0,18.0
950,15.122182,120.561973,0.0,48000,0,24.17037351,142.5242634,1.0,1.0,1.0,13.0
951,15.034927,120.531268,0.0,60000,0,0.458494691,175.3508029,3.0,4.0,13.0,21.0
952,15.033088,120.773377,0.0,3500,0,8.681947013,225.4729333,4.0,5.0,2.0,87.0
953,14.974712,120.736387,0.0,45000,0,6.95656155,526.3061345,3.0,6.0,20.0,19.0
954,15.041747,120.757888,0.0,16000,0,9.743036931,252.0913912,4.0,7.0,0.0,36.0
955,15.043232,120.762368,0.0,4000,1,6.767246858,242.1611368,6.0,5.0,0.0,35.0
956,15.037282,120.766678,0.0,200000,0,2.199956951,33.25944998,4.0,7.0,0.0,69.0
957,15.037808,120.779837,0.0,5000,1,10.04914763,512.6819387,1.0,8.0,2.0,93.0
958,15.037523,120.766848,0.0,18000,0,2.900744056,0.932187783,4.0,7.0,0.0,69.0
959,15.045352,120.757978,0.0,10000,0,24.87296388,123.1153127,5.0,6.0,0.0,35.0
960,15.048903,120.758437,0.0,16000,0,21.88812874,99.8058923,5.0,6.0,0.0,31.0
961,15.05037,120.751717,0.0,60000,0,9.51988811,433.2792423,2.0,7.0,2.0,32.0
962,15.034907,120.769538,0.0,200000,0,20.43953421,231.4773261,3.0,7.0,1.0,85.0
963,15.059468,120.754115,0.0,7000,0,3.13045513,1142.835304,0.0,8.0,4.0,21.0
964,15.044415,120.760573,0.0,200000,0,0.74216254,114.1000357,4.0,7.0,0.0,35.0
965,15.103378,120.636957,0.0,110000,0,0.514424988,26.08788815,1.0,2.0,2.0,19.0
966,15.07471,120.627807,0.0,60000,0,1.080424751,235.9418113,1.0,3.0,9.0,20.0
967,15.106138,120.634705,0.0,3500,0,2.669782131,137.5711277,1.0,2.0,2.0,19.0
968,15.08575,120.617193,0.0,100000,0,1.876596307,920.2277346,1.0,4.0,2.0,26.0
969,15.089983,120.614257,0.0,45000,0,0.695785685,833.2464005,1.0,4.0,2.0,27.0
970,15.075417,120.630853,0.0,18000,0,20.35075074,368.2504734,1.0,3.0,9.0,20.0
971,15.026543,120.567627,0.0,10000,0,4.997030107,409.8851718,4.0,6.0,8.0,35.0
972,15.040338,120.549802,0.0,38000,0,19.11884704,468.3553134,0.0,10.0,10.0,30.0
973,15.030323,120.564823,0.0,60000,0,4.588067622,315.9297712,3.0,7.0,8.0,35.0
974,15.014585,120.575088,0.0,48000,0,3.069403746,917.5085973,3.0,6.0,5.0,39.0
975,15.028987,120.56658,0.0,43000,0,3.679752384,360.2795808,3.0,7.0,8.0,35.0
976,15.02653,120.564402,0.0,20000,0,13.55203347,105.4785148,4.0,6.0,8.0,35.0
977,15.733762,121.517937,0.0,4000,0,82.28341067,1075.232976,0.0,0.0,1.0,5.0
978,15.810343,121.479295,0.0,4000,0,366.9548945,545.7992174,1.0,1.0,0.0,3.0
979,15.703778,121.495292,0.0,4000,0,13.71806174,30.59542672,0.0,0.0,2.0,0.0
980,15.707203,121.465167,0.0,4000,0,112.4454558,61.27040086,0.0,0.0,1.0,1.0
981,16.151358,121.944808,0.0,10000,0,7.531450383,225.3752207,0.0,0.0,0.0,0.0
982,15.797563,121.495052,0.0,29000,0,3.245182408,380.3289834,0.0,2.0,1.0,2.0
983,15.810843,121.482685,0.0,5000,0,5.135007743,576.1142545,1.0,1.0,0.0,3.0
984,15.785277,121.539623,0.0,4000,0,12.41332547,468.1586209,0.0,0.0,1.0,4.0
985,15.846797,121.54366,0.0,10000,0,372.9806847,229.0796107,0.0,0.0,0.0,4.0
986,15.320123,120.614428,0.0,108000,0,24.89593445,743.6829271,6.0,6.0,12.0,37.0
987,15.53386,120.597252,0.0,90000,0,4.361779966,314.7658477,0.0,5.0,2.0,13.0
988,15.546958,120.605453,0.0,20000,0,1.264476756,284.5388502,1.0,3.0,5.0,13.0
989,15.547115,120.604617,0.0,20000,0,9.06935503,375.8314877,1.0,3.0,5.0,13.0
990,15.665792,120.487397,0.0,24000,0,5.39692664,1741.039842,1.0,0.0,1.0,4.0
991,15.367572,120.657298,0.0,20000,0,29.59427828,406.8318771,0.0,3.0,7.0,30.0
992,15.285907,120.592782,0.0,60000,0,0.089737148,1120.824949,1.0,4.0,12.0,43.0
993,15.39469,120.637185,0.0,60000,0,2.18387503,514.4910419,0.0,5.0,5.0,29.0
994,15.28586,120.632512,0.0,400560,0,0.195092037,408.6781943,0.0,2.0,16.0,64.0
995,15.35633,120.619682,0.0,141000,0,4.154989143,204.8773464,1.0,3.0,12.0,35.0
996,15.303283,120.603178,0.0,240000,0,2.772797948,1785.704,0.0,12.0,11.0,35.0
997,15.520633,120.622592,0.0,70000,0,1.654893541,313.3537979,1.0,0.0,7.0,9.0
998,15.709555,120.606928,0.0,10000,0,1.793024056,227.3033033,1.0,0.0,0.0,10.0
999,15.444285,120.73454,0.0,10000,0,10.68119024,167.0941194,0.0,1.0,4.0,7.0
1000,15.409032,120.697653,0.0,39000,0,1.744851963,636.8343409,1.0,1.0,2.0,19.0
1001,15.314237,120.535575,0.0,20000,0,4.23124287,563.0025821,4.0,2.0,7.0,20.0
1002,15.273552,120.580493,0.0,40000,0,9.792615159,418.4389556,0.0,3.0,4.0,49.0
1003,15.320613,120.577512,0.0,200000,0,2.901455412,6.086733604,1.0,6.0,19.0,14.0
1004,15.321637,120.572808,0.0,100000,0,1.580467139,398.265606,2.0,6.0,20.0,12.0
1005,15.778877,120.602203,0.0,62000,0,0.211283428,576.4972545,3.0,0.0,3.0,6.0
1006,15.307943,120.550735,0.0,30600,0,0.597501484,387.6757609,2.0,6.0,8.0,20.0
1007,15.309488,120.54192,0.0,180000,0,3.198749117,330.9743935,4.0,3.0,6.0,21.0
1008,15.558223,120.513513,0.0,65000,0,3.837535124,775.653717,0.0,4.0,2.0,9.0
1009,15.780123,120.601873,0.0,385000,0,9.845654467,615.2516882,3.0,0.0,3.0,6.0
1010,15.567432,120.622905,0.0,74000,0,0.778636842,865.9056206,0.0,5.0,2.0,13.0
1011,15.627463,120.393943,0.0,36000,0,48.39105268,405.2880687,0.0,1.0,2.0,6.0
1012,15.738147,120.451093,0.0,75000,0,5.856953955,936.2924541,0.0,0.0,0.0,4.0
1013,15.603757,120.38974,0.0,150000,0,3.427924756,731.8612251,1.0,1.0,0.0,6.0
1014,15.569233,120.527835,0.0,64000,0,5.568794078,329.1828019,1.0,2.0,3.0,9.0
1015,15.674795,120.348515,0.0,38000,0,7.35805957,1684.418546,0.0,1.0,1.0,4.0
1016,15.53666,120.523388,0.0,20000,0,5.822191736,281.4486124,0.0,3.0,3.0,10.0
1017,15.31841,120.618518,0.0,81500,0,2.490232473,999.4379107,5.0,6.0,10.0,43.0
1018,15.35002,120.70139,0.0,76000,0,2.756683404,185.2616886,0.0,2.0,2.0,24.0
1019,15.406453,120.623607,0.0,200000,0,18.47860397,761.81454,4.0,3.0,0.0,26.0
1020,15.362912,120.558387,0.0,25000,0,7.262475754,255.1258722,1.0,1.0,4.0,37.0
1021,15.646637,120.355995,0.0,62000,0,11.49996,307.7313344,0.0,0.0,2.0,3.0
1022,15.321878,120.613983,0.0,125000,0,5.413798741,561.6673759,6.0,6.0,12.0,36.0
1023,15.315552,120.608897,0.0,30600,0,1.323098502,484.3385155,6.0,5.0,14.0,34.0
1024,15.752393,120.580905,0.0,180000,0,25.35911352,1908.455552,1.0,0.0,4.0,3.0
1025,15.36563,120.566752,0.0,100000,0,7.711101535,17.45797595,1.0,1.0,4.0,38.0
1026,15.319103,120.54452,0.0,65000,0,0.456376375,710.7800796,1.0,6.0,7.0,20.0
1027,15.49118,120.539655,0.0,385000,0,0.024234956,1308.22379,0.0,2.0,3.0,11.0
1028,15.40367,120.62147,0.0,74000,0,0.896332026,556.314622,4.0,3.0,0.0,28.0
1029,15.288048,120.587627,0.0,37000,0,3.950679699,1563.457762,1.0,4.0,13.0,40.0
1030,15.527183,120.542313,0.0,45000,0,1.388274641,1196.098574,2.0,1.0,3.0,12.0
1031,15.527183,120.542383,0.0,36000,0,2.545890013,1201.854406,2.0,1.0,3.0,12.0
1032,15.51912,120.615015,0.0,30000,0,6.64269541,364.6892418,1.0,2.0,5.0,8.0
1033,15.613562,120.640432,0.0,60000,0,16.45587759,1445.862265,0.0,3.0,1.0,9.0
1034,15.333945,120.573297,0.0,75000,0,5.644884816,137.8204199,2.0,3.0,20.0,20.0
1035,15.37786,120.566585,0.0,150000,0,13.65567874,125.4636514,0.0,2.0,3.0,37.0
1036,15.55292,120.613165,0.0,80000,0,5.871847464,411.5612658,0.0,5.0,3.0,12.0
1037,15.639885,120.645388,0.0,38000,0,108.3789333,1261.384052,0.0,4.0,1.0,7.0
1038,15.398957,120.625875,0.0,20000,0,2.192213771,110.7781477,4.0,3.0,2.0,29.0
1039,15.522203,120.549438,0.0,81500,0,0.265778723,935.2001442,2.0,0.0,3.0,13.0
1040,15.653753,120.628465,0.0,3000,0,4.122658458,115.4820147,1.0,1.0,2.0,5.0
1041,15.713877,120.606713,0.0,79000,0,1.036780244,666.1702246,1.0,0.0,0.0,9.0
1042,15.56621,120.66482,0.0,76000,0,0.748561453,2157.112897,0.0,2.0,2.0,12.0
1043,15.325475,120.625287,0.0,200000,0,34.2182265,404.2173809,0.0,11.0,6.0,45.0
1044,15.515875,120.688312,0.0,40000,0,1.75075717,222.0803105,0.0,1.0,1.0,13.0
1045,15.686587,120.439868,0.0,8000,0,1.440976321,639.4366599,0.0,0.0,1.0,6.0
1046,15.40656,120.623305,0.0,25000,0,0.060516404,772.2593834,4.0,3.0,0.0,26.0
1047,15.659335,120.627328,0.0,4000,0,1.299862999,480.0459094,1.0,1.0,1.0,5.0
1048,15.48836,120.72443,0.0,200000,0,11.52784751,675.9608586,0.0,0.0,3.0,12.0
1049,15.356958,120.643583,0.0,19000,0,2.256884983,45.28260489,0.0,5.0,5.0,39.0
1050,15.553848,120.643953,0.0,50000,0,1.892712511,109.6371401,1.0,2.0,5.0,8.0
1051,15.601973,120.658852,0.0,50000,0,4.395701873,307.6734827,0.0,1.0,3.0,9.0
1052,15.31507,120.616037,0.0,76000,0,3.483211253,1103.136302,7.0,4.0,11.0,41.0
1053,15.597297,120.394187,0.0,70000,0,4.79563432,510.7133006,1.0,0.0,1.0,5.0
1054,15.400252,120.624133,0.0,12000,0,20.73504218,288.98829,4.0,3.0,1.0,30.0
1055,15.690418,120.369923,0.0,72000,0,25.2384805,537.964233,0.0,1.0,0.0,4.0
1056,15.33674,120.612845,0.0,90000,0,2.891345557,176.0672655,0.0,12.0,8.0,34.0
1057,15.31466,120.613245,0.0,81500,0,24.44584927,894.784226,7.0,4.0,13.0,38.0
1058,15.34972,120.619193,0.0,20000,0,2.940616395,834.1309219,2.0,3.0,10.0,39.0
1059,15.345547,120.618945,0.0,38000,0,11.7526484,1270.52281,1.0,8.0,8.0,38.0
1060,15.434743,120.710228,0.0,150000,0,5.594093755,952.6744844,0.0,2.0,2.0,18.0
1061,15.659842,120.45797,0.0,75000,0,1.376807631,841.4017679,0.0,0.0,3.0,6.0
1062,15.333923,120.572433,0.0,36000,0,0.693417357,213.4061294,2.0,3.0,20.0,20.0
1063,15.332322,120.577268,0.0,74000,0,3.428579542,199.6801981,2.0,4.0,22.0,17.0
1064,15.306735,120.652588,0.0,35000,0,16.64646225,516.7096789,0.0,0.0,14.0,58.0
1065,15.317005,120.565367,0.0,385000,0,0.538174934,645.9632587,1.0,11.0,7.0,19.0
1066,15.360145,120.687255,0.0,80000,0,9.550924763,473.0193987,0.0,4.0,3.0,24.0
1067,15.59459,120.465518,0.0,65000,0,4.990792916,577.9144163,0.0,0.0,1.0,10.0
1068,15.78216,120.602022,0.0,20000,0,9.898704822,470.5440856,3.0,0.0,3.0,6.0
1069,15.418227,120.613048,0.0,180000,0,2.756549764,857.8348539,1.0,5.0,1.0,14.0
1070,15.503057,120.692397,0.0,30000,0,3.73409263,548.6329824,0.0,1.0,1.0,7.0
1071,15.514367,120.588648,0.0,30600,0,2.89173466,516.0085973,0.0,2.0,4.0,14.0
1072,15.318838,120.540743,0.0,62000,0,6.767190262,522.0335267,3.0,4.0,6.0,21.0
1073,15.310893,120.589692,0.0,600000,0,11.48659859,573.1387178,0.0,15.0,9.0,21.0
1074,15.297212,120.57649,0.0,65000,0,0.811877948,159.1507657,0.0,8.0,17.0,20.0
1075,15.275873,120.652065,0.0,324000,0,8.244920761,56.5516714,1.0,4.0,11.0,74.0
1076,15.312007,120.609072,0.0,75000,0,2.35735467,842.7114585,3.0,8.0,13.0,37.0
1077,15.361595,120.674595,0.0,80000,0,2.053774941,306.8990463,1.0,2.0,3.0,29.0
1078,15.31334,120.535315,0.0,40000,0,1.544031664,635.2545927,4.0,2.0,7.0,20.0
1079,15.31864,120.615778,0.0,36000,0,9.021407319,922.0722288,6.0,6.0,12.0,39.0
1080,15.403065,120.700235,0.0,148000,0,0.311434457,877.0362618,1.0,1.0,3.0,18.0
1081,15.309505,120.541877,0.0,75000,0,4.934949729,335.9051218,4.0,3.0,6.0,21.0
1082,15.476545,120.523487,0.0,25000,0,33.98809425,534.9107412,1.0,1.0,0.0,7.0
1083,15.813903,120.607008,0.0,64000,0,3.848912306,1431.010914,0.0,0.0,4.0,8.0
1084,15.664708,120.493492,0.0,38000,0,4.505680894,1150.477376,1.0,0.0,1.0,4.0
1085,15.481158,120.521062,0.0,146000,0,8.741752501,610.441374,1.0,1.0,0.0,8.0
1086,15.626678,120.63673,0.0,81500,0,8.039361608,2209.287872,0.0,2.0,3.0,9.0
1087,15.419053,120.612472,0.0,100000,0,3.413929018,837.9536655,1.0,5.0,1.0,14.0
1088,15.581183,120.503338,0.0,64000,0,15.08630024,987.1811811,0.0,2.0,2.0,7.0
1089,15.358692,120.66667,0.0,150000,0,1.828995654,203.6669574,1.0,3.0,2.0,31.0
1090,15.55189,120.373427,0.0,20000,0,4.576259618,333.8635627,0.0,0.0,0.0,3.0
1091,15.420257,120.564273,0.0,32000,0,2.066234883,507.1196201,0.0,0.0,1.0,18.0
1092,15.572772,120.535645,0.0,81500,0,1.163223121,367.2718756,1.0,1.0,2.0,11.0
1093,15.41184,120.709727,0.0,18000,0,2.326661453,915.3247007,0.0,3.0,1.0,18.0
1094,15.55537,120.63977,0.0,27000,0,130.0770438,80.08505221,1.0,3.0,4.0,8.0
1095,15.364803,120.703173,0.0,75000,0,3.687744751,201.5987322,0.0,2.0,5.0,17.0
1096,15.780173,120.601672,0.0,40000,0,1.127292259,627.0480151,3.0,0.0,3.0,6.0
1097,15.752547,120.579487,0.0,20000,0,27.59891909,2015.517858,1.0,0.0,4.0,3.0
1098,15.387452,119.978208,0.0,308000,0,0.061673005,214.4045943,1.0,1.0,6.0,1.0
1099,15.78796,119.991262,0.0,190000,0,79.70535094,125.3946391,1.0,1.0,0.0,0.0
1100,14.992498,120.14717,0.0,97000,0,0.543006001,702.1036265,0.0,0.0,2.0,6.0
1101,14.964052,120.22274,0.0,48000,0,26.78360141,411.7816373,2.0,1.0,0.0,4.0
1102,15.795052,119.98884,0.0,110000,0,30.43413996,112.6234782,2.0,0.0,0.0,0.0
1103,15.796327,119.996637,0.0,38000,0,2.549389341,574.8931704,1.0,1.0,0.0,0.0
1104,15.290925,120.07968,0.0,38000,0,54.59097146,788.0563538,0.0,1.0,0.0,0.0
1105,15.355978,119.990038,0.0,230000,0,21.64920278,750.9950331,0.0,4.0,4.0,0.0
1106,14.914047,120.18356,0.0,140000,0,7.87081018,203.265891,0.0,0.0,2.0,8.0
1107,15.376783,120.013078,0.0,308000,0,7.850765943,245.3758501,0.0,4.0,4.0,0.0
1108,14.979915,120.12211,0.0,190000,0,42.61262428,269.288121,1.0,0.0,1.0,2.0
1109,15.136323,120.051588,0.0,6000,0,30.44593564,1484.28098,1.0,1.0,1.0,0.0
1110,14.870125,120.159273,0.0,97000,0,5.276722037,174.525871,0.0,0.0,0.0,3.0
1111,14.979937,120.12206,0.0,40000,0,47.54108797,271.8745708,1.0,0.0,1.0,2.0
1112,15.157547,120.066732,0.0,38000,0,54.21773826,237.7669744,0.0,3.0,0.0,0.0
1113,15.292018,120.065408,0.0,40000,0,3.651341318,173.0489407,0.0,1.0,0.0,4.0
1114,15.469325,119.947555,0.0,100000,0,35.05489244,1397.718717,0.0,0.0,0.0,1.0
1115,14.90204,120.213367,0.0,173000,0,1.053680364,1197.670475,0.0,0.0,1.0,6.0
1116,15.586013,119.960593,0.0,5400,0,105.2903046,702.6571059,0.0,1.0,1.0,0.0
1117,15.596058,119.977185,0.0,10000,0,43.05098166,789.1685998,0.0,1.0,1.0,0.0
1118,14.972047,120.223018,0.0,38000,0,3.41295559,4.875894835,1.0,2.0,0.0,4.0
1119,15.355603,120.001522,0.0,30000,0,4.919719895,768.6306903,3.0,2.0,3.0,1.0
1120,15.361762,120.007118,0.0,105000,0,12.6868125,460.984374,3.0,2.0,3.0,1.0
1121,15.35786,120.003233,0.0,110000,0,5.109979937,976.7924495,3.0,2.0,3.0,1.0
1122,15.358275,120.003515,0.0,110000,0,3.936334891,934.2729467,3.0,2.0,3.0,1.0
1123,15.133383,120.060032,0.0,230000,0,6.006034697,1611.262218,1.0,1.0,1.0,0.0
1124,14.926925,120.15329,0.0,140000,0,1.577598431,350.8151643,0.0,0.0,1.0,9.0
1125,15.383665,119.978478,0.0,38000,0,15.72635951,618.1156541,2.0,0.0,6.0,0.0
1126,15.627673,119.968627,0.0,10000,0,3.561756786,1202.211309,0.0,0.0,2.0,0.0
1127,15.162653,120.079198,0.0,190000,0,150.9988595,94.63392848,0.0,1.0,2.0,0.0
1128,14.960387,120.213523,0.0,30000,0,1.036446078,52.80048538,1.0,2.0,0.0,4.0
1129,14.964697,120.216392,0.0,40000,0,7.813957975,58.45490067,2.0,1.0,0.0,4.0
1130,15.381143,119.969942,0.0,160000,0,0.207470989,474.7736036,1.0,1.0,6.0,0.0
1131,15.004561,120.712326,1.0,5000,0,1.550409063,285.6774798,0.0,8.0,10.0,36.0
1132,15.00655,120.63105,1.0,20000,0,0.373370384,73.99899773,0.0,1.0,11.0,34.0
1133,14.93444135,120.5876095,1.0,500,0,36.42349735,75.15621771,0.0,1.0,0.0,18.0
1134,15.421,120.28,0.0,100,0,1793.305102,1254.931981,0.0,0.0,0.0,0.0
1135,15.041179,120.886513,1.0,15000,0,38.17084291,109.1995052,32.0,169.0,47.0,38.0
1136,14.984448,120.70649,1.0,10000,0,5.459176496,266.2331659,9.0,5.0,14.0,27.0
1137,15.01341,120.6241233,1.0,8000,0,3.95827486,156.2253255,0.0,4.0,8.0,36.0
1138,14.952857,120.730892,1.0,15000,0,5.209865452,468.4455593,3.0,11.0,18.0,8.0
