Farm_Id,Latitude,Longitude,Infected,Population,Species,Road,River,1km,3km,5km,10km
1,15.23531,120.914702,,40000,0,12.57165732,8.197453244,,,,
2,15.613217,121.118455,,10000,0,14.76638892,446.2200256,,,,
3,15.614068,121.118123,,45000,0,14.31586097,429.829322,,,,
4,15.464735,121.050498,,40000,0,28.35109155,559.7452781,,,,
5,15.680797,120.85099,,76000,0,3.957603626,98.39170523,,,,
6,15.26884,121.036778,,92000,0,1.533577377,891.8903819,,,,
7,15.668717,120.98335,,36000,0,3.251423573,320.5208151,,,,
8,15.877047,120.931243,,12000,0,39.28533751,1.720640345,,,,
9,15.669125,120.77047,,8000,0,56.7504173,73.74765901,,,,
10,15.835423,120.70859,,20000,0,0.06455994,881.0845577,,,,
11,15.300423,120.988665,,38000,0,41.43270235,314.6525677,,,,
12,15.513708,120.973808,,76000,0,13.6266251,595.2266664,,,,
13,15.206492,120.821952,,105000,0,4.360658868,831.8759044,,,,
14,15.213695,120.812218,,76000,0,5.075386086,904.1890849,,,,
15,15.486068,121.00492,,40000,0,0.810187759,128.2605096,,,,
16,15.685932,120.933568,,18000,0,10.33791695,176.4941798,,,,
17,15.466747,121.048657,,14000,0,9.548201005,322.3561751,,,,
18,15.834588,120.858738,,280000,0,1.69164528,169.1766316,,,,
19,15.389918,121.018083,,109461,0,22.38595643,326.4053086,,,,
20,15.75545,121.005142,,38000,0,159.021986,570.1452345,,,,
21,15.869532,120.923985,,140000,0,0.805139871,296.7422749,,,,
22,15.75253,120.709062,,70000,0,5.823366387,1230.337522,,,,
23,15.310068,120.997005,,80000,0,6.700265446,433.4209247,,,,
24,15.744595,120.73089,,140000,0,31.07975987,248.2348573,,,,
25,15.382932,121.048988,,37000,0,130.2239468,1002.999036,,,,
26,15.297225,120.881392,,75000,0,2.895309697,590.2246788,,,,
27,15.294618,120.880795,,6000,0,30.42555323,657.6339064,,,,
28,15.711928,120.94074,,81000,0,35.73160132,128.5525657,,,,
29,15.387062,121.018975,,22000,0,2.967636554,597.9109752,,,,
30,15.721175,121.048943,,102000,0,8.024818735,798.9455642,,,,
31,15.756973,121.05397,,38000,0,3.278978679,320.5964784,,,,
32,15.69071,120.933608,,36000,0,35.47946406,119.7312692,,,,
33,15.433163,120.85506,,38000,0,3.682848054,488.5971567,,,,
34,15.513132,121.063852,,22000,0,4.78219166,524.3415088,,,,
35,15.41609,121.059067,,20000,0,5.239858131,771.7025775,,,,
36,15.418583,121.06674,,36000,0,8.288471985,740.1423225,,,,
37,15.386603,121.043438,,2500,0,10.94808085,425.7995687,,,,
38,15.822938,120.720032,,288000,0,89.95114256,726.5105009,,,,
39,15.366627,120.966662,,80000,0,7.996668545,526.8615285,,,,
40,15.37016,121.007318,,70000,0,97.47558484,195.5244919,,,,
41,15.739883,121.09904,,19000,0,0.216031578,274.6265539,,,,
42,15.81811,120.65472,,216000,0,0.672181983,1444.770198,,,,
43,15.5446,121.100835,,4500,0,4.183571524,1066.279592,,,,
44,15.50776,121.051697,,38000,0,5.681402654,244.281345,,,,
45,15.74417,121.067432,,10000,0,52.41942443,870.8811888,,,,
46,15.40259,121.024277,,45000,0,21.15666448,218.7250228,,,,
47,15.454663,121.017553,,76000,0,4.601037853,678.4931184,,,,
48,15.765515,120.864497,,56000,0,0.894399,1162.912426,,,,
49,15.824147,120.659953,,38000,0,3.790462851,852.0016919,,,,
50,15.302423,120.987717,,240000,0,9.03447491,531.5612211,,,,
51,15.89915,120.917298,,25000,0,1.142735129,692.6502841,,,,
52,15.546267,120.77793,,18000,0,7.508150348,956.1271346,,,,
53,15.586962,120.937188,,40000,0,0.425031676,642.9393084,,,,
54,15.288898,120.872695,,35000,0,3.011599245,580.3677954,,,,
55,15.279143,121.038507,,114000,0,7.54155325,1270.45102,,,,
56,15.396718,121.101367,,16000,0,9.244084306,563.1035405,,,,
57,15.451373,120.876058,,50000,0,0.042163237,192.2400976,,,,
58,15.818393,120.698457,,60000,0,21.17319175,1370.499192,,,,
59,15.562355,120.839082,,10000,0,3.196556387,52.36179163,,,,
60,15.302622,120.975755,,35000,0,6.895564138,316.6622058,,,,
61,15.460457,121.051565,,38000,0,10.44475127,396.9162169,,,,
62,15.29352,120.865698,,76000,0,3.730631214,166.6845986,,,,
63,15.512955,121.064172,,20000,0,6.631804925,541.3955658,,,,
64,15.377498,120.97959,,70000,0,18.3596644,28.08824844,,,,
65,15.235893,120.858077,,28000,0,4.750294691,210.7798543,,,,
66,15.529992,121.095858,,28000,0,76.37797128,480.1258243,,,,
67,15.498597,121.05234,,80000,0,6.164682188,1255.024341,,,,
68,15.380043,121.027885,,74000,0,10.05163171,666.1858104,,,,
69,15.316108,121.052098,,11000,0,17.30899033,695.6613735,,,,
70,15.323273,121.050538,,42000,0,1.552483746,216.1076281,,,,
71,15.361372,120.859222,,18000,0,6.369861791,1508.539977,,,,
72,15.658305,120.86403,,38000,0,38.59926349,1445.618744,,,,
73,15.55719,121.169565,,25000,0,54.93470543,46.35634974,,,,
74,15.431932,120.859305,,144000,0,13.95442507,651.6778529,,,,
75,15.371995,121.049773,,150000,0,6.331387343,89.35554696,,,,
76,15.36497,121.038468,,90000,0,2.8632921,559.8114044,,,,
77,15.362192,121.038322,,57000,0,1.817174506,766.4162468,,,,
78,15.36425,120.932845,,40000,0,24.77413999,124.0499945,,,,
79,15.329153,121.017672,,12000,0,5.792939045,785.0992247,,,,
80,15.419183,121.026788,,5000,0,22.41092621,271.5639806,,,,
81,15.494813,121.058462,,120000,0,55.4808646,1515.874251,,,,
82,15.402232,120.767965,,16000,0,56.66562768,762.8756313,,,,
83,15.746463,120.765278,,76000,0,1.706185879,288.8214907,,,,
84,15.395215,121.075837,,152000,0,0.439431772,508.1460684,,,,
85,15.696882,121.188142,,36000,0,9.085508727,717.7046336,,,,
86,15.725265,120.898698,,70000,0,2.991384557,205.6152684,,,,
87,15.702703,120.894698,,10000,0,4.016339686,466.7223917,,,,
88,15.36987,120.964977,,45000,0,29.92330493,135.6369139,,,,
89,15.252882,120.87599,,76000,0,0.355794547,310.3752013,,,,
90,15.6432,121.194403,,56000,0,205.1526919,868.2459099,,,,
91,15.37398,120.980215,,38000,0,18.2332151,326.5508647,,,,
92,15.378308,120.983245,,240000,0,162.748183,90.33442606,,,,
93,15.410292,121.005287,,25000,0,43.50746809,254.4949455,,,,
94,15.218912,120.83688,,18000,0,3.305367427,1.320931459,,,,
95,15.614283,121.114313,,40000,0,44.86084781,729.5979608,,,,
96,15.820453,120.689503,,35000,0,1.279313346,1125.778124,,,,
97,15.436802,120.7791,,114000,0,2.023890916,265.7430255,,,,
98,15.695763,120.92912,,36000,0,6.738304089,249.0867071,,,,
99,15.652907,120.959682,,38000,0,2.957670184,362.6663784,,,,
100,15.312337,120.995843,,22000,0,7.099747323,488.0169036,,,,
101,15.504515,120.970657,,20000,0,0.592072055,507.2365784,,,,
102,15.397715,121.015878,,2500,0,11.21424797,370.8823091,,,,
103,15.77748,121.054368,,288000,0,3.544742755,1556.475942,,,,
104,15.310002,120.918982,,19000,0,2.234277828,395.2895556,,,,
105,15.282665,120.914155,,216000,0,10.53032037,925.1936903,,,,
106,15.251985,121.015915,,4500,0,0.606695024,157.9852381,,,,
107,15.381932,121.005438,,38000,0,4.071950976,15.83698056,,,,
108,15.377192,121.071022,,10000,0,23.41550688,590.6925954,,,,
109,15.409237,121.02252,,45000,0,132.3158563,616.1452785,,,,
110,15.399433,121.106027,,76000,0,6.928126716,629.4823656,,,,
111,15.265543,121.03258,,92000,0,4.236576218,916.1938653,,,,
112,15.606847,121.121187,,36000,0,20.01952052,255.5740012,,,,
113,15.5125,121.068013,,57000,0,0.965272008,720.2691109,,,,
114,15.699492,121.120602,,38000,0,7.387879807,966.9000397,,,,
115,15.366782,120.92937,,36000,0,0.891681014,273.6662042,,,,
116,15.528502,120.925555,,38000,0,0.932152927,444.1111727,,,,
117,15.698947,120.885505,,22000,0,10.39625694,757.403033,,,,
118,15.72935,121.066258,,38000,0,75.13231627,533.6330784,,,,
119,15.381187,121.072462,,10000,0,4.729184379,342.5552494,,,,
120,15.315713,120.99906,,45000,0,14.72977844,704.511157,,,,
121,15.547305,120.777853,,76000,0,7.062467957,882.9384926,,,,
122,15.373245,121.020343,,38000,0,15.7346059,89.34398161,,,,
123,15.535258,120.93665,,105000,0,213.302122,371.5028924,,,,
124,15.765877,121.004397,,76000,0,0.890243585,315.4692931,,,,
125,15.34168,120.834242,,55000,0,10.7462632,2064.103067,,,,
126,15.339048,120.840618,,90000,0,3.395860794,1614.688584,,,,
127,15.578648,120.833392,,57000,0,59.49127789,417.2758005,,,,
128,15.689592,120.701517,,40000,0,18.07049539,142.0785656,,,,
129,15.424188,121.06547,,12000,0,1.25808364,157.8400458,,,,
130,15.353565,120.887237,,28000,0,21.92450804,780.2802172,,,,
131,15.315073,120.90122,,28000,0,106.0015151,166.5174988,,,,
132,15.764762,121.065027,,80000,0,70.16043173,1640.900419,,,,
133,15.25017,120.850585,,74000,0,5.25594871,417.3665798,,,,
134,15.305807,121.039018,,11000,0,1.627370217,571.5245259,,,,
135,15.307715,121.040297,,42000,0,1.455475619,534.0319295,,,,
136,15.307927,121.04864,,18000,0,858.4982084,208.6416119,,,,
137,15.50357,121.052778,,38000,0,5.205570472,721.9179509,,,,
138,15.359895,121.05593,,25000,0,6.163947688,76.18494749,,,,
139,15.320717,120.864335,,120000,0,7.365404535,1598.205745,,,,
140,15.37627,121.015482,,44000,0,34.68511566,304.6698072,,,,
141,15.783608,121.052183,,105000,0,111.0379196,840.9856835,,,,
142,15.392545,120.943117,,76000,0,12.51638794,317.3191304,,,,
143,15.546675,120.777933,,40000,0,0.439208441,929.2317656,,,,
144,15.483443,121.010308,,18000,0,2.536948508,190.301272,,,,
145,15.61845,120.92536,,14000,0,3.219573967,434.1366311,,,,
146,15.422577,120.772532,,280000,0,6.293506684,335.8537649,,,,
147,15.430128,120.79656,,109461,0,6.806285548,166.333757,,,,
148,15.399213,121.041867,,38000,0,7.843067708,314.3228165,,,,
149,15.21078,120.808528,,140000,0,8.944558821,1039.75563,,,,
150,15.286103,121.01549,,40000,0,18.56107034,363.2418758,,,,
151,15.534708,121.096425,,76000,0,1.790968486,92.31686843,,,,
152,15.539653,120.783118,,92000,0,59.36007783,782.0820054,,,,
153,15.804493,120.795243,,36000,0,1.674598636,1220.324825,,,,
154,15.462167,121.018732,,12000,0,3.550476069,525.8873123,,,,
155,15.21994,120.835423,,20000,0,1.853045609,194.3457248,,,,
156,15.408857,121.080698,,38000,0,13.1991844,222.7794861,,,,
157,15.291655,121.0264,,76000,0,4.812202925,370.0060143,,,,
158,15.888773,120.909732,,105000,0,1.604947338,990.2330428,,,,
159,15.378918,121.023343,,76000,0,24.14601637,618.7030997,,,,
160,15.366967,120.963462,,40000,0,20.90810704,279.9352434,,,,
161,15.522503,120.96922,,30000,0,2.914494014,234.0502374,,,,
162,15.340188,121.005577,,90000,0,6.060135664,748.9967379,,,,
163,15.379377,120.982112,,57000,0,26.61422734,258.0862257,,,,
164,15.837817,121.034777,,40000,0,114.7834869,8.577643111,,,,
165,15.32478,121.0177,,12000,0,12.36969582,1132.415131,,,,
166,15.72229,120.893617,,5000,0,1.930663181,526.3029381,,,,
167,15.388745,121.011585,,120000,0,47.82796769,476.7244286,,,,
168,15.560507,120.809225,,16000,0,67.91388604,648.9911862,,,,
169,15.715862,120.881677,,14000,0,5.1983292,423.0194019,,,,
170,15.437002,120.849093,,280000,0,11.71869543,231.0458476,,,,
171,15.378667,121.023487,,109461,0,16.50310282,586.9565364,,,,
172,15.364002,121.020667,,38000,0,0.220942626,605.6564316,,,,
173,15.817027,120.7075,,140000,0,5.322342574,810.6263083,,,,
174,15.394072,121.018735,,80000,0,0.16851683,118.886915,,,,
175,15.369787,121.048715,,140000,0,5.260715575,107.3070901,,,,
176,15.572253,120.91294,,37000,0,4.391669888,633.3471158,,,,
177,15.284592,120.908152,,75000,0,3.453825918,1239.624213,,,,
178,15.506838,121.012383,,6000,0,5.962915171,320.9719885,,,,
179,15.463457,120.835422,,81000,0,2.432630989,676.5331589,,,,
180,15.851868,120.923182,,74000,0,2.223439831,141.515337,,,,
181,15.426542,120.85212,,40000,0,3.729117923,1265.353052,,,,
182,15.466393,121.058077,,12000,0,43.22058827,429.9316703,,,,
183,15.744515,120.861908,,5000,0,1.257442825,533.7791555,,,,
184,15.705657,120.9387,,120000,0,2.124314358,279.4767478,,,,
185,15.420847,121.044745,,16000,0,54.69046799,269.643241,,,,
186,15.28416,120.878563,,90000,0,1.841641938,271.2658698,,,,
187,15.483972,120.897472,,57000,0,23.16869283,206.0032701,,,,
188,15.788003,120.879238,,40000,0,24.66323837,210.5206867,,,,
189,15.384475,121.035012,,12000,0,7.557267076,421.8125644,,,,
190,15.386385,121.026697,,90000,0,3.550845384,386.8851969,,,,
191,15.503913,121.044692,,57000,0,1.2224477,906.1033714,,,,
192,15.262255,120.912898,,40000,0,7.672569622,115.7312936,,,,
193,15.609142,121.120575,,12000,0,3.263253134,400.274672,,,,
194,15.591262,121.075708,,5000,0,1.936220954,401.4672727,,,,
195,15.655323,121.185077,,120000,0,9.678548622,626.8096077,,,,
196,15.474538,121.09195,,16000,0,25.41336063,465.7896138,,,,
197,15.354833,121.035135,,40000,0,18.71900475,63.41689687,,,,
198,15.333107,121.05423,,12000,0,10.11588257,447.8197945,,,,
199,15.825748,120.972362,,5000,0,7.736698989,817.5314838,,,,
200,15.578745,120.94396,,120000,0,6.14791509,198.3058086,,,,
201,15.605543,121.057578,,16000,0,7.866794158,178.3849846,,,,
202,15.264402,120.883848,,80000,0,17.19922045,191.9938903,,,,
203,15.267228,120.87923,,20000,0,47.49819557,54.10260356,,,,
204,15.36699,121.009437,,5000,0,92.19432397,101.4062408,,,,
205,15.372848,121.067385,,40000,0,51.66590039,484.2101866,,,,
206,15.214037,120.811048,,76000,0,7.475909644,918.4423359,,,,
207,15.213152,120.81266,,92000,0,1.692946192,947.8780721,,,,
208,15.705647,120.938802,,36000,0,12.92677776,290.3804841,,,,
209,15.700803,120.940022,,12000,0,4.371453298,174.2452847,,,,
210,15.399962,121.054322,,20000,0,7.104113615,556.8793434,,,,
211,15.55902,120.768143,,38000,0,17.16949491,613.2200623,,,,
212,15.723008,120.87225,,76000,0,48.33659295,57.89719602,,,,
213,15.653213,121.030538,,105000,0,60.11233438,521.1781345,,,,
214,15.564742,120.814912,,76000,0,3.757907345,882.5014435,,,,
215,15.350725,120.921643,,40000,0,24.0071981,469.6076671,,,,
216,15.374278,120.942132,,18000,0,2.10021226,6.181970524,,,,
217,15.344648,120.901337,,13000,0,39.92849944,646.3616598,,,,
218,15.496628,121.065198,,37000,0,17.50770963,1372.957445,,,,
219,15.381912,121.005427,,288000,0,5.326371449,17.07415195,,,,
220,15.266555,121.022928,,80000,0,2.571035317,525.8095232,,,,
221,15.336432,121.004847,,70000,0,24.78132653,1023.731014,,,,
222,15.597697,120.945983,,19000,0,11.59149697,1755.126109,,,,
223,15.532253,121.090168,,216000,0,7.533882759,356.4846584,,,,
224,15.377775,121.024843,,4500,0,67.46636852,431.9185711,,,,
225,15.215493,120.840103,,38000,0,1.467970108,4.081089784,,,,
226,15.214125,120.841305,,10000,0,56.49857189,62.84975002,,,,
227,15.258837,120.86061,,45000,0,11.44881981,84.68864317,,,,
228,15.395153,121.030522,,76000,0,5.289154953,349.1488809,,,,
229,15.757012,120.966497,,56000,0,41.63268748,48.27967754,,,,
230,15.564153,120.91059,,38000,0,6.680348627,729.1687233,,,,
231,15.79524,120.85721,,240000,0,3.29524413,929.5399223,,,,
232,15.786475,121.055233,,25000,0,20.16914049,717.6383624,,,,
233,15.268992,121.045812,,18000,0,6.440077064,535.2769028,,,,
234,15.477848,120.846168,,40000,0,0.297746225,101.9798328,,,,
235,15.504265,121.04629,,8000,0,41.39364801,773.7025303,,,,
236,15.273252,120.877653,,90000,0,66.53375453,233.5947837,,,,
237,15.502612,121.048638,,57000,0,3.470316383,842.1349921,,,,
238,15.36609,120.968945,,40000,0,24.60969928,604.7163316,,,,
239,15.510905,121.09241,,12000,0,6.722754724,97.38986039,,,,
240,15.817415,120.67829,,5000,0,6.231834644,1341.044214,,,,
241,15.826515,120.68126,,120000,0,1.605327784,411.2261087,,,,
242,15.774768,120.926972,,16000,0,0.413598218,58.82087831,,,,
243,15.656203,120.867113,,12000,0,4.656958989,1641.018815,,,,
244,15.426583,120.854587,,40000,0,27.47510823,1215.083611,,,,
245,15.784342,120.702683,,12000,0,16.56853083,75.78708388,,,,
246,15.36567,121.01713,,5000,0,26.10312656,479.4035497,,,,
247,15.265565,120.875013,,50000,0,7.79991807,525.5761968,,,,
248,15.54722,120.777947,,38000,0,3.061484439,896.5009284,,,,
249,15.740328,120.930787,,76000,0,44.98376217,966.9758667,,,,
250,15.72823,120.946697,,45000,0,0.187683604,459.5089679,,,,
251,15.524645,120.912988,,152000,0,17.73399532,638.8073411,,,,
252,15.899757,120.922448,,40000,0,0.5471902,513.8159731,,,,
253,15.275717,121.024162,,12000,0,19.49739397,814.6376718,,,,
254,15.27527,121.027098,,5000,0,22.79203812,959.4738971,,,,
255,15.431357,121.050007,,4500,0,2.378676136,92.15161442,,,,
256,15.707208,120.918402,,38000,0,3.942952386,103.0850017,,,,
257,15.287347,120.928092,,10000,0,5.295098785,815.9985506,,,,
258,15.74484,120.851223,,45000,0,3.019940053,1355.970112,,,,
259,15.462687,121.018717,,38000,0,5.399395333,482.3657975,,,,
260,15.820148,120.757555,,76000,0,1.346928215,608.5312714,,,,
261,15.545978,120.81113,,56000,0,11.6987343,635.1475176,,,,
262,15.73689,120.877743,,76000,0,1.516988172,176.1282786,,,,
263,14.71283,120.511777,,35000,0,35.46984127,190.2142606,,,,
264,14.88013,120.481642,,35000,0,0.023696038,728.5383384,,,,
265,14.689712,120.498668,,75000,0,1.573045497,175.7800753,,,,
266,14.902953,120.46492,,150000,0,0.496651538,257.0140533,,,,
267,14.900048,120.461495,,72000,0,25.28389585,140.7060946,,,,
268,14.797378,120.485503,,31000,0,55.6181429,353.2740565,,,,
269,14.606472,120.55275,,35000,0,8.23109606,403.1377702,,,,
270,14.784268,120.470157,,136000,0,9.590053531,792.2632974,,,,
271,14.771253,120.440285,,29000,0,0.219182302,517.8262733,,,,
272,14.776205,120.471127,,87000,0,7.554590972,442.5085569,,,,
273,14.62248,120.531395,,60000,0,61.22477159,440.4299712,,,,
274,14.759265,120.495477,,1300,0,131.324515,280.3789238,,,,
275,14.740305,120.50113,,28000,0,26.13593322,83.54586518,,,,
276,14.75575,120.507325,,35000,0,276.3183174,72.62318181,,,,
277,14.740672,120.520953,,35000,0,5.404672587,522.279267,,,,
278,14.749382,120.489985,,28000,0,24.39151839,250.6822949,,,,
279,14.753063,120.499643,,35000,0,42.76477792,277.0622684,,,,
280,14.75781,120.45804,,12000,0,20.50108398,671.4112556,,,,
281,14.70714,120.503752,,35000,0,1.671127103,97.19364263,,,,
282,14.709138,120.49085,,38000,0,7.632155766,1.415111095,,,,
283,14.70915,120.49083,,35000,0,7.560145175,1.339644283,,,,
284,14.708115,120.496018,,35000,0,8.066236749,178.7704909,,,,
285,14.707663,120.502248,,35000,0,6.2223824,83.37232093,,,,
286,14.76038,120.517773,,38000,0,8.811403953,415.7102904,,,,
287,14.775982,120.510837,,75000,0,5.417801644,160.7007258,,,,
288,14.775417,120.509407,,130000,0,3.626421987,112.1529728,,,,
289,14.75925,120.49551,,1100,0,133.1886481,277.1384115,,,,
290,14.81378,120.510332,,11000,0,7.301053031,528.800419,,,,
291,14.795435,120.485033,,10000,0,1.525324469,419.6493812,,,,
292,14.807052,120.502178,,8000,0,2.549624065,400.2937778,,,,
293,14.813197,120.509402,,10000,0,3.83128896,534.4115674,,,,
294,14.805707,120.49938,,9000,0,24.74695884,638.1586405,,,,
295,14.686185,120.493458,,40000,0,3.642573925,500.8266474,,,,
296,14.873428,120.488068,,80000,1,2.270718938,753.1219513,,,,
297,14.916978,120.45571,,15000,0,21.90421754,223.7210022,,,,
298,14.641702,120.478945,,43000,0,12.45772624,445.4101504,,,,
299,14.799943,120.462438,,138000,0,0.801692234,1044.081359,,,,
300,14.703693,120.504513,,36000,0,48.26034655,272.9929209,,,,
301,14.786113,120.497097,,100000,0,0.36888605,30.28938386,,,,
302,14.811387,120.470292,,40000,0,14.7028763,1310.453277,,,,
303,14.89252,120.476135,,20000,0,1.021049313,231.9670962,,,,
304,14.802133,120.460282,,20000,0,2.020893588,713.0933619,,,,
305,14.909383,120.461768,,38000,0,3.77241592,227.881769,,,,
306,14.909385,120.46208,,24000,0,35.81695985,197.2339429,,,,
307,14.614787,120.527945,,20000,0,94.63028202,341.0641626,,,,
308,14.68774,120.489663,,130000,0,9.913845817,679.1043596,,,,
309,14.650388,120.487783,,58000,0,15.18262943,521.7088483,,,,
310,14.761227,120.510482,,216000,0,12.66486,113.3151451,,,,
311,14.463108,120.582862,,40000,0,29.91494488,237.2281123,,,,
312,14.658453,120.464355,,28000,0,2.932297056,864.1843826,,,,
313,14.793443,120.464805,,38500,0,3.406225738,719.9988534,,,,
314,14.671692,120.490433,,38000,0,81.7984771,838.5356153,,,,
315,14.60461,120.547445,,20000,0,8.777997047,510.6419049,,,,
316,14.743373,120.47836,,66000,0,0.410168233,170.2562848,,,,
317,14.867968,120.487943,,66000,0,1.90700107,788.2116636,,,,
318,14.725913,120.507383,,36000,0,3.334840709,634.1162148,,,,
319,14.689982,120.500367,,115000,0,4.653222527,151.6835306,,,,
320,14.915272,120.467773,,90000,0,0.209146024,137.1435493,,,,
321,14.600545,120.545532,,40000,0,16.09694923,235.1962394,,,,
322,14.665022,120.522543,,15000,0,105.420322,437.8336653,,,,
323,14.70058,120.494665,,40000,0,6.787191558,398.8993202,,,,
324,14.646533,120.503582,,20000,0,28.44214381,72.41020594,,,,
325,14.675338,120.493127,,9500,0,0.394685335,590.6198988,,,,
326,14.728123,120.49559,,25000,0,217.0196977,309.9543882,,,,
327,14.66209,120.499817,,125000,0,12.10438968,661.0154857,,,,
328,14.858012,120.502197,,65000,0,13.63477146,511.2954958,,,,
329,14.707172,120.503713,,61000,0,2.431018911,102.5600982,,,,
330,14.91029,120.467893,,25000,0,90.85293014,310.8498936,,,,
331,14.90696,120.465015,,45000,0,0.337530514,170.8768981,,,,
332,14.570713,120.561137,,80000,0,4.538780663,279.5761596,,,,
333,14.773365,120.500295,,35000,0,20.34928981,272.4027427,,,,
334,14.803857,120.473892,,75000,0,28.0617423,780.9194068,,,,
335,14.631467,120.499547,,90000,0,0.840476655,140.02232,,,,
336,14.673387,120.477327,,62000,0,3.621062772,729.0230905,,,,
337,14.757338,120.44005,,190000,0,6.78722607,219.8299786,,,,
338,14.582173,120.56395,,18000,0,33.50267874,249.365892,,,,
339,14.632097,120.49956,,18000,0,1.191252798,209.6306438,,,,
340,14.720282,120.48601,,20000,0,1.806300597,434.988959,,,,
341,14.704888,120.508952,,115000,0,147.544216,40.64157835,,,,
342,14.63301,120.531488,,18000,0,26.7030134,151.9380092,,,,
343,14.562208,120.561448,,36000,0,38.64273413,522.2955325,,,,
344,14.61619,120.438168,,440000,0,3.736408569,468.7803255,,,,
345,14.855785,120.42047,,65000,0,4.04850202,135.3881697,,,,
346,14.826123,120.456765,,72000,0,47.62743612,401.9313477,,,,
347,14.728025,120.507685,,35000,0,234.1868677,404.2696427,,,,
348,14.793955,120.480603,,14000,0,0.478227422,347.3318177,,,,
349,14.749665,120.447195,,1300,0,44.33584114,116.0091258,,,,
350,14.713173,120.51172,,20000,0,66.6510876,228.3075338,,,,
351,14.713137,120.5094,,40000,0,10.57329796,224.5334238,,,,
352,14.653078,120.517978,,13500,0,10.06501605,556.712359,,,,
353,14.820897,121.040892,,6000,0,29.21637699,97.32746734,,,,
354,15.102372,120.995778,,69000,0,6.037205485,360.8502726,,,,
355,14.86048,121.03661,,15000,0,31.34066427,333.8971313,,,,
356,15.066332,120.909982,,69000,0,2.802241831,567.3696483,,,,
357,14.996342,120.980175,,2000,0,19.67952213,934.8216903,,,,
358,14.813678,120.987162,,250000,0,4.606580895,475.8349615,,,,
359,14.89356,121.047752,,300000,0,8.164539053,200.3413836,,,,
360,15.080273,120.969168,,99000,0,9.510028416,1188.794475,,,,
361,14.979453,121.062303,,45000,0,3.848641481,868.7960234,,,,
362,14.821493,121.081463,,60000,0,1.320433933,105.4071008,,,,
363,15.199367,121.008098,,47000,0,4.288945223,150.8579419,,,,
364,14.833858,121.057767,,20000,0,7.170508535,266.781628,,,,
365,14.78463,120.9476,,60000,0,32.96937474,199.6112212,,,,
366,14.934178,120.965862,,100000,0,3.409103501,61.0780445,,,,
367,14.923438,120.961433,,20000,0,76.93439355,94.50079884,,,,
368,14.926585,120.970063,,84000,0,1.133715807,372.5006785,,,,
369,14.954432,120.866187,,10000,0,50.61444347,278.192809,,,,
370,14.966442,120.944477,,46000,0,1.725942266,432.2567121,,,,
371,15.065735,120.929033,,16000,0,2.413896974,521.9140871,,,,
372,15.043212,120.982667,,250000,0,9.35749687,369.2044995,,,,
373,14.87737,121.026845,,104000,0,1.564676336,293.673529,,,,
374,15.101295,120.997308,,40000,0,21.62796542,206.5031818,,,,
375,14.884247,120.821635,,50000,0,19.50070647,121.3688874,,,,
376,14.885613,121.029857,,100000,0,97.36175181,442.9856207,,,,
377,15.113897,121.014652,,900000,0,5.740095761,162.3263698,,,,
378,15.212148,121.019495,,250000,0,5.445974743,310.8867194,,,,
379,15.101007,120.960973,,12000,0,33.22573803,214.077888,,,,
380,15.084975,120.978743,,20000,0,8.052064272,356.0603178,,,,
381,15.11175,121.059808,,22000,0,11.05272767,563.2369976,,,,
382,14.895037,120.834293,,8000,0,24.96127992,18.28039424,,,,
383,15.184527,121.032807,,1500,0,20.49215968,741.1759785,,,,
384,15.195108,121.044673,,2000,0,0.784787606,545.9143647,,,,
385,14.904683,120.743057,,30000,0,36.03336243,374.9616488,,,,
386,14.828817,121.039548,,48000,0,4.312595991,251.2789485,,,,
387,15.176418,121.04294,,30000,0,6.859537201,419.2369897,,,,
388,14.968505,120.863847,,16000,0,1.470092738,145.5263064,,,,
389,15.032962,120.974925,,99000,0,0.230827812,742.0491836,,,,
390,15.10078,120.994148,,250000,0,9.554626746,318.3575189,,,,
391,15.05924,120.976143,,69000,0,13.82828439,524.0222933,,,,
392,14.864588,120.84397,,85000,0,3.582948497,481.9928841,,,,
393,14.843008,120.937133,,200000,0,5.888360056,235.8157323,,,,
394,14.925428,120.983493,,210000,0,7.097688963,410.7158364,,,,
395,14.959765,120.879747,,12000,0,33.20990743,288.713721,,,,
396,15.190043,121.006678,,48000,0,3.132366849,213.7942198,,,,
397,15.196522,121.006475,,100000,0,0.725271379,304.8765124,,,,
398,14.946615,120.953447,,72000,0,9.857650324,899.8095215,,,,
399,14.82909,121.039012,,48000,0,2.782488621,227.8728738,,,,
400,14.870512,120.94209,,30000,0,4.49719597,516.4944022,,,,
401,15.184063,121.033377,,1800,0,2.127461474,661.6168828,,,,
402,15.041015,121.013015,,76000,0,2.412484325,629.3379465,,,,
403,14.855677,121.01385,,69000,0,1.848139749,412.1964336,,,,
404,14.840882,121.001558,,30000,0,0.682850377,106.6041964,,,,
405,14.845928,121.002593,,250000,0,1.947332506,326.3127183,,,,
406,15.129972,121.032273,,198000,0,24.60934597,681.9746728,,,,
407,14.855262,121.032533,,20000,0,7.173402304,344.7958897,,,,
408,14.808273,120.975015,,50000,0,11.37858277,176.0721314,,,,
409,14.889007,120.979845,,70000,0,0.042495217,257.0834419,,,,
410,14.823607,120.940817,,30000,0,14.00201575,350.6825682,,,,
411,14.836832,120.946487,,40000,0,1.735039423,233.4083572,,,,
412,14.858963,121.027278,,30000,0,36.28069499,42.37271423,,,,
413,14.844698,120.988377,,100000,0,3.299013514,163.6615999,,,,
414,15.003916,120.926494,,2000,0,198.8697473,587.3708924,,,,
415,15.016565,120.904057,,250000,0,41.30029395,103.1713951,,,,
416,14.821387,121.040193,,16000,0,19.51683075,175.023113,,,,
417,15.091117,120.9692,,60000,0,2.729723844,393.3825629,,,,
418,14.915618,121.092182,,148000,0,12.33534607,277.0163795,,,,
419,14.841643,120.957902,,16000,0,4.617889269,552.5272625,,,,
420,15.229925,121.073748,,120000,0,0.503225513,276.8372679,,,,
421,14.979442,121.019515,,250000,0,7.426241014,1459.537729,,,,
422,14.981445,121.032462,,100000,0,8.393520795,349.630178,,,,
423,14.856302,121.033322,,48000,0,4.190304776,457.22213,,,,
424,15.080898,120.908035,,40000,0,1.146947905,1292.869197,,,,
425,14.9673,120.945125,,99000,0,9.503732126,314.4797984,,,,
426,14.929352,120.947998,,5000,0,41.7120906,234.057001,,,,
427,15.056157,120.930455,,50000,0,1.23322718,1084.659299,,,,
428,14.84705,120.956835,,100000,0,11.62434717,512.3021001,,,,
429,14.978107,120.925622,,12000,0,1.213900956,324.9512571,,,,
430,14.985185,120.934988,,12000,0,2.705191938,688.1467311,,,,
431,15.232717,121.023788,,100000,0,26.00674002,547.6809965,,,,
432,14.867023,120.738148,,17000,0,65.41244751,196.1229484,,,,
433,15.074518,121.005762,,492000,0,2.900692565,222.2662282,,,,
434,14.950517,120.862135,,12000,0,41.92496727,250.8739741,,,,
435,15.220682,121.033992,,50000,0,9.626266245,221.7719347,,,,
436,14.795712,121.078947,,70000,0,2.088017812,623.2660752,,,,
437,14.908185,121.01296,,70000,0,238.7570898,899.3209253,,,,
438,14.804932,121.009365,,70000,0,6.0774597,349.6610099,,,,
439,14.897807,120.945123,,70000,0,6.838079657,425.5048879,,,,
440,14.907562,121.01287,,70000,0,240.9911465,857.018275,,,,
441,14.898445,121.020027,,70000,0,5.77450918,225.1576499,,,,
442,14.857208,120.78721,,100000,0,15.19623292,415.3238308,,,,
443,14.881637,120.92684,,69000,0,1.600547303,181.9620673,,,,
444,15.170318,121.027085,,16000,0,23.64384342,670.037712,,,,
445,15.087498,120.982917,,77000,0,4.756753115,190.1449482,,,,
446,14.930447,120.984533,,40000,0,32.90335142,287.1456695,,,,
447,14.922258,120.954828,,60000,0,3.850502309,184.0405004,,,,
448,14.886707,120.947877,,492000,0,1.538034615,32.01863864,,,,
449,14.897433,120.93869,,50000,0,5.364183492,292.4105321,,,,
450,14.906418,120.931002,,69000,0,0.0015635,528.0607132,,,,
451,14.841593,120.95778,,100000,0,10.23902478,566.7369486,,,,
452,14.92294,120.95419,,70000,0,11.63283441,137.9432478,,,,
453,14.901752,120.968257,,60000,0,1.683075698,914.6446943,,,,
454,14.8523,120.951567,,70000,0,1.644988847,252.2431719,,,,
455,15.196282,120.99736,,48000,0,0.273125021,295.5003604,,,,
456,15.15865,121.042527,,12000,0,0.788139639,194.016272,,,,
457,15.156228,121.04317,,250000,0,9.384344665,437.9044995,,,,
458,14.93045,120.980508,,36000,0,22.88355533,111.700414,,,,
459,15.232892,121.038528,,80000,0,42.55381856,345.6305079,,,,
460,15.144752,121.038462,,40000,0,14.72694888,177.3420223,,,,
461,14.905588,120.945247,,60000,0,1.981246996,338.8225285,,,,
462,14.910753,120.958018,,69000,0,5.813429617,79.02173014,,,,
463,14.930813,120.98499,,99000,0,4.284671882,346.0410097,,,,
464,15.0731,120.99573,,50000,0,8.709246077,255.5759516,,,,
465,14.813385,120.980763,,250000,0,3.954399733,386.8054399,,,,
466,15.031047,120.914047,,10000,0,7.636383797,470.7873945,,,,
467,15.1002,120.95954,,40000,0,2.951494425,179.5453462,,,,
468,15.169318,121.025382,,18000,0,3.125204591,658.5408351,,,,
469,15.090642,120.969317,,30000,0,7.005962965,417.1908743,,,,
470,15.202382,121.073712,,50000,0,4.642279257,410.2897737,,,,
471,15.235535,121.03298,,30000,0,10.22890893,250.9099085,,,,
472,14.966457,120.944478,,45000,0,2.486204898,430.852777,,,,
473,14.900025,121.02036,,250000,0,15.14585856,348.1695763,,,,
474,14.87567,120.959448,,48000,0,12.45535177,796.7275443,,,,
475,14.79413,121.044207,,36000,0,5.81493403,503.6979008,,,,
476,15.223588,121.004028,,5000,0,32.62072828,296.3678046,,,,
477,14.9904,120.991268,,180000,0,2.969023279,1444.803967,,,,
478,15.150088,121.039203,,69000,0,5.650690918,286.891875,,,,
479,14.977893,120.906768,,30000,0,0.324815146,5.11071389,,,,
480,14.895903,120.765385,,100000,0,0.117275325,181.0097599,,,,
481,14.873987,120.785847,,16000,0,1.927024682,150.8465601,,,,
482,14.994422,120.887038,,48000,0,0.283359251,66.50298541,,,,
483,14.893702,120.835578,,48000,0,59.68044576,154.3848092,,,,
484,15.084328,120.970087,,100000,0,1.551278495,973.7302016,,,,
485,15.034798,120.968625,,492000,0,6.199295054,204.70499,,,,
486,15.099543,120.970672,,48000,0,14.80184079,172.9102814,,,,
487,14.903168,120.838605,,250000,0,6.613471185,197.8315032,,,,
488,15.062007,120.979303,,60000,0,5.537124151,454.381051,,,,
489,15.104468,121.008133,,76000,0,5.091402424,306.4106928,,,,
490,14.886718,120.778937,,250000,0,3.851118174,681.6358924,,,,
491,14.894307,120.990568,,42000,0,4.895665352,774.4114323,,,,
492,14.88253,120.987418,,25000,0,9.298930968,244.5693664,,,,
493,14.911063,120.974442,,25000,0,1.744606121,303.4613001,,,,
494,14.87989,120.967497,,20000,0,2.315360654,387.1406859,,,,
495,14.874407,120.988233,,25000,0,17.46728655,577.3047719,,,,
496,14.9176,120.925063,,25000,0,13.75449195,132.2474415,,,,
497,14.950698,120.859733,,25000,0,0.577385806,154.4083856,,,,
498,15.074465,120.990823,,69000,0,0.252458303,367.2017159,,,,
499,14.801105,121.07737,,50000,0,1.12423749,58.60411805,,,,
500,14.816977,121.084147,,80000,0,27.74684738,264.2137384,,,,
501,15.063485,120.934798,,12000,0,53.95942281,337.1881146,,,,
502,14.921502,120.759275,,492000,0,25.74083815,501.0752238,,,,
503,14.905098,120.953113,,40000,0,1.339605633,90.89104735,,,,
504,14.905077,120.953088,,492000,0,0.209879748,91.76332843,,,,
505,14.89863,120.952472,,250000,0,1.141664336,423.1037529,,,,
506,14.904485,120.935317,,250000,0,4.780106196,27.44766773,,,,
507,15.065218,120.928162,,99000,0,8.159648123,491.1978486,,,,
508,15.07069,120.971527,,48000,0,2.87264246,230.3570902,,,,
509,15.071607,120.928693,,250000,0,13.13386865,64.36384004,,,,
510,15.0698,120.97102,,16000,0,54.03802619,117.8333458,,,,
511,14.789398,120.932935,,1800,0,5.120523934,29.62445578,,,,
512,15.032537,120.960463,,30000,0,8.930062643,93.03891225,,,,
513,14.862725,121.005253,,250000,0,3.401049484,558.0535389,,,,
514,14.859568,121.005013,,60000,0,14.78339695,369.1088422,,,,
515,15.04066,120.949228,,12000,0,14.40336123,72.64115624,,,,
516,14.965078,120.858755,,3000,0,4.788677218,276.3784298,,,,
517,15.015017,120.916783,,2000,0,72.85935529,450.6147429,,,,
518,14.960868,120.98309,,50000,0,36.74828447,1107.129713,,,,
519,14.985092,120.87066,,23000,0,2.66206178,235.0096881,,,,
520,14.952662,120.730935,,7200,0,2.277583659,446.486908,,,,
521,14.93403,120.760615,,135000,0,20.95992619,231.5088342,,,,
522,14.930302,120.745557,,30000,0,16.58166286,67.88128679,,,,
523,14.963272,120.840408,,10000,0,1.718311982,869.7422962,,,,
524,14.962425,120.833152,,100000,0,0.555690099,600.7816894,,,,
525,14.948032,120.765037,,30000,0,28.03539653,260.9554845,,,,
526,14.934375,120.760988,,18000,0,60.23703084,209.7812691,,,,
527,15.175993,120.782155,,13000,0,4.153278862,929.4732598,,,,
528,15.171018,120.782812,,60000,0,4.247082553,435.8562155,,,,
529,15.181167,120.6869,,36000,0,8.330953434,355.2337813,,,,
530,15.154827,120.715373,,40000,0,5.182147392,325.5359894,,,,
531,15.131512,120.738237,,35000,0,1.069676033,504.1707483,,,,
532,15.149727,120.709212,,108000,0,2.551433284,509.4906183,,,,
533,15.172872,120.78189,,15000,0,7.32394218,598.1802148,,,,
534,15.13068,120.741045,,10000,0,4.302624174,430.5957377,,,,
535,15.181752,120.688655,,8000,0,0.163572249,268.9473591,,,,
536,15.193148,120.811283,,20000,0,11.50712098,620.4158722,,,,
537,15.172032,120.782332,,16000,0,8.240255243,525.4747735,,,,
538,15.13859,120.726815,,60000,0,5.669930322,487.6708868,,,,
539,15.14109,120.726777,,36000,0,1.784781647,335.0250366,,,,
540,15.125512,120.74109,,40000,0,3.813921918,704.2913846,,,,
541,15.171547,120.782528,,18000,0,1.766812403,481.4478391,,,,
542,15.030082,120.647853,,72000,0,2.027094679,478.8991509,,,,
543,15.058792,120.596973,,210000,0,1.989287914,1309.303867,,,,
544,14.99927,120.661285,,5000,1,1.755797,101.5309438,,,,
545,15.04004,120.623367,,45000,0,4.225940104,764.9178221,,,,
546,15.040515,120.622668,,102000,0,5.072835391,829.8510305,,,,
547,15.038388,120.631398,,40000,0,1.118466625,219.7497974,,,,
548,15.039945,120.642548,,15000,0,9.07115247,369.3732927,,,,
549,15.037232,120.653152,,63000,0,4.306619202,823.0602192,,,,
550,15.057583,120.635985,,4000,1,3.99308227,160.4361777,,,,
551,15.037528,120.653637,,60000,0,1.66872089,773.1890322,,,,
552,15.031818,120.646275,,7200,0,1.785712155,327.9049256,,,,
553,15.0321,120.646155,,30000,0,2.198657727,326.8734022,,,,
554,15.04256,120.905645,,3000,1,44.04073535,47.58611997,,,,
555,15.042258,120.862265,,3000,1,4.924584084,73.55575068,,,,
556,15.051253,120.896808,,5000,1,0.258136463,223.7923526,,,,
557,15.09746,120.760242,,7000,0,13.58477015,773.6639791,,,,
558,15.03284,120.906687,,2500,1,37.96649436,950.741189,,,,
559,15.024585,120.876243,,3000,1,1.943219926,779.8923366,,,,
560,15.038127,120.902815,,6000,1,80.57515922,434.274753,,,,
561,15.02717,120.904785,,10000,0,1.313340856,310.5515419,,,,
562,15.026252,120.857892,,3000,1,4.182089754,937.6654676,,,,
563,15.026295,120.858022,,2000,1,10.37572367,935.0148024,,,,
564,15.037678,120.920073,,5000,1,21.69745535,552.8309687,,,,
565,15.114618,120.915998,,48000,0,1.463142288,43.80250041,,,,
566,15.048998,120.898018,,6000,1,0.004157957,2.841593886,,,,
567,15.041263,120.873423,,3000,1,2.073239498,4.281829646,,,,
568,15.025578,120.876747,,2000,1,0.622620222,707.5172842,,,,
569,15.041062,120.886152,,3500,1,0.419420973,141.4858903,,,,
570,15.041438,120.873477,,4000,1,0.436837977,2.6353282,,,,
571,15.114597,120.820768,,6000,1,50.54024102,101.0687963,,,,
572,15.023922,120.876512,,4000,1,1.687137338,704.9317875,,,,
573,15.04512,120.881092,,5000,1,0.431916853,352.122925,,,,
574,15.022452,120.85876,,6000,1,20.08113398,540.8931242,,,,
575,15.04206,120.87359,,3500,1,2.921139687,7.733961496,,,,
576,15.037348,120.872307,,4000,1,1.512873385,3.905109565,,,,
577,15.042553,120.873752,,2600,1,1.314842186,4.307716504,,,,
578,15.040422,120.863525,,2000,1,7.808313782,103.5081856,,,,
579,15.043552,120.904175,,3000,1,4.519734153,123.5815412,,,,
580,15.035328,120.890738,,3000,1,10.08785845,77.78867395,,,,
581,15.038132,120.903788,,200000,0,32.1545437,449.4507941,,,,
582,15.041293,120.89597,,5000,1,88.33420813,18.56097288,,,,
583,15.043187,120.861002,,6000,1,40.55249804,115.0688481,,,,
584,15.170512,120.904567,,4000,1,0.671862666,50.24015613,,,,
585,15.036135,120.865375,,4100,1,2.904685629,184.3036454,,,,
586,15.033033,120.884437,,4500,1,3.821906042,61.32122821,,,,
587,15.07536,120.817142,,3000,1,3.340737185,73.36569237,,,,
588,15.031495,120.835648,,3600,1,0.485634959,378.6502447,,,,
589,15.051563,120.896312,,4000,1,1.060041609,247.5812598,,,,
590,15.038757,120.872855,,6000,1,0.128083382,4.836554167,,,,
591,15.057697,120.8679,,4000,1,16.33015492,740.7981716,,,,
592,15.048435,120.883093,,4000,1,8.501669948,33.14304256,,,,
593,15.035135,120.90314,,3600,1,1.284724497,762.0407563,,,,
594,15.048868,120.857103,,5000,1,22.23100887,44.51266324,,,,
595,15.030775,120.857313,,3000,1,46.5250042,1225.584328,,,,
596,15.086833,120.807992,,2100,1,15.40736718,665.7185299,,,,
597,15.031455,120.835812,,3000,1,0.600184708,396.7179599,,,,
598,15.042788,120.899957,,5000,1,0.52669196,59.70834421,,,,
599,15.05165,120.895107,,3000,1,26.54184719,232.953909,,,,
600,15.052885,120.895093,,2500,1,4.610816315,366.702521,,,,
601,15.025518,120.87046,,3000,1,1.317240069,1029.841685,,,,
602,15.022515,120.858607,,3000,1,4.956385326,557.2714458,,,,
603,15.051217,120.882593,,3000,1,0.369707955,24.86835141,,,,
604,15.039588,120.88691,,3000,1,4.504355634,8.323662698,,,,
605,15.042235,120.872157,,4000,1,24.80396829,161.8670104,,,,
606,15.08798,120.818092,,5000,1,145.7381661,268.9234357,,,,
607,15.042075,120.87919,,2500,1,5.009870406,575.3669781,,,,
608,15.03101,120.856997,,3200,1,9.014650261,1237.569569,,,,
609,15.035485,120.861982,,4000,1,2.065762527,516.8300105,,,,
610,15.021998,120.876767,,3000,1,21.51434886,491.4005827,,,,
611,15.026557,120.857835,,3000,1,4.794897471,970.1069341,,,,
612,15.035335,120.861272,,4000,1,75.38706996,591.3001045,,,,
613,15.046353,120.898797,,2600,1,8.041856198,225.9133852,,,,
614,15.170783,120.905562,,3000,1,7.891862681,35.5010712,,,,
615,15.04937,120.89589,,4000,1,1.066941215,0.721761962,,,,
616,15.059612,120.901555,,6000,1,2.94964357,30.95296358,,,,
617,15.025448,120.86896,,5000,1,9.51760808,974.8593015,,,,
618,15.064258,120.8976,,3000,1,1.242206844,561.2259985,,,,
619,15.034987,120.873442,,3000,1,5.906750661,13.02504311,,,,
620,15.04408,120.86087,,4000,1,8.174924985,64.25852562,,,,
621,15.059023,120.89617,,5000,1,0.865220245,9.125380201,,,,
622,15.023357,120.87665,,3000,1,12.43267312,641.9500738,,,,
623,15.052602,120.895442,,2600,1,3.998407357,343.1520371,,,,
624,15.042632,120.900895,,5000,1,4.767782356,66.5504096,,,,
625,15.026695,120.883352,,3000,1,5.546094597,9.873141329,,,,
626,15.031022,120.856935,,5000,1,2.2235372,1242.248546,,,,
627,15.050743,120.8968,,6000,1,4.81993133,168.1849687,,,,
628,15.037902,120.911957,,3000,1,4.193503174,656.4856353,,,,
629,15.056398,120.893353,,6000,1,0.974747293,258.2659796,,,,
630,15.021297,120.876765,,4000,1,10.45828341,413.8387167,,,,
631,15.038823,120.913055,,6000,1,0.6571322,593.063223,,,,
632,15.03322,120.90228,,5000,1,22.90001091,784.0213173,,,,
633,15.033198,120.902387,,4000,1,12.27601422,786.0342923,,,,
634,15.032337,120.902867,,5000,1,88.89071087,718.6893538,,,,
635,15.089652,120.804492,,3000,1,1.750273303,346.8238169,,,,
636,15.050572,120.855408,,3000,1,2.661391423,60.51665941,,,,
637,15.025352,120.874998,,72000,0,0.670607472,841.6325647,,,,
638,15.051977,120.87498,,2500,1,1.950606068,282.7707914,,,,
639,15.046462,120.858873,,3000,1,1.474848492,65.33462893,,,,
640,15.114853,120.82226,,3000,1,48.73723443,263.9306071,,,,
641,15.115827,120.821592,,2400,1,14.61136227,212.8141112,,,,
642,15.060473,120.902295,,3000,1,6.37685691,32.38226347,,,,
643,15.036353,120.910578,,4000,1,1.383712001,807.9274145,,,,
644,15.090888,120.805937,,3000,1,7.317283947,264.2275134,,,,
645,15.042442,120.862068,,32700,0,0.458117139,77.32195776,,,,
646,15.04122,120.897428,,2500,1,47.75359115,35.389018,,,,
647,15.053822,120.891135,,3000,1,16.63438807,55.88078913,,,,
648,15.032865,120.902425,,2500,1,25.86700063,752.9749592,,,,
649,15.049128,120.85668,,3000,1,5.070955348,61.78824888,,,,
650,15.05636,120.893173,,3000,1,1.102435598,246.4697718,,,,
651,15.038597,120.904685,,2500,1,10.29017333,393.9182835,,,,
652,15.0602,120.899333,,3400,1,1.183511676,135.8219852,,,,
653,15.049428,120.895763,,2500,1,2.764929538,4.488994843,,,,
654,15.046818,120.85852,,3000,1,3.670422777,69.67751319,,,,
655,15.063062,120.897258,,4000,1,30.76240292,425.3096704,,,,
656,15.052827,120.882133,,2500,1,1.767271582,17.80952352,,,,
657,15.041607,120.89768,,2500,1,44.52373591,38.46254813,,,,
658,15.02648,120.858033,,1500,1,4.119155113,952.4656661,,,,
659,15.0276,120.907257,,5000,1,21.59097374,406.8428774,,,,
660,15.05787,120.897985,,3000,1,2.693761491,43.56904537,,,,
661,15.04023,120.86363,,2500,1,11.22749089,108.8890894,,,,
662,15.03654,120.907408,,2600,1,15.31137125,695.63188,,,,
663,15.033665,120.873693,,3000,1,1.0479256,65.71597276,,,,
664,15.048532,120.880312,,1500,1,1.467266118,314.4358964,,,,
665,15.053432,120.878683,,2500,1,0.732479742,5.111048192,,,,
666,15.02816,120.856287,,12000,0,26.3457806,1200.514304,,,,
667,15.04539,120.896528,,3000,1,2.698005167,333.1141719,,,,
668,15.023942,120.843465,,3400,1,10.47312106,596.9722942,,,,
669,15.026057,120.85796,,3500,1,0.386682981,915.301337,,,,
670,15.133755,120.901117,,3000,1,6.017283505,0.521531306,,,,
671,15.032802,120.90306,,6000,1,63.89534937,774.0129756,,,,
672,15.053305,120.893792,,3000,1,4.049484373,346.7148089,,,,
673,15.134742,120.909522,,2000,1,1.490120592,41.86969896,,,,
674,15.056663,120.889625,,1200,1,2.227178023,14.36035126,,,,
675,15.054208,120.89401,,1200,1,5.921550128,362.4397645,,,,
676,15.056562,120.889557,,3000,1,7.253978037,3.624413729,,,,
677,15.034568,120.871543,,3000,1,6.491860507,72.09502761,,,,
678,15.050328,120.855605,,1500,1,2.859986994,62.344266,,,,
679,15.042058,120.873637,,1200,1,2.067598005,2.780135571,,,,
680,15.030733,120.856903,,1600,1,3.696660416,1263.694684,,,,
681,15.049748,120.897478,,3000,1,3.83455005,73.77699097,,,,
682,15.043105,120.905835,,1500,1,10.42139958,50.13450819,,,,
683,15.05446,120.894058,,3000,1,5.296865495,367.183031,,,,
684,15.01573,120.846887,,4000,1,11.73693851,133.5966265,,,,
685,15.02835,120.856337,,38000,0,7.206850525,1221.786074,,,,
686,15.042042,120.903392,,5000,1,44.28775337,57.17519172,,,,
687,15.04118,120.897443,,3200,1,44.68757013,37.82727509,,,,
688,15.033047,120.902695,,4000,1,17.41946027,782.5025936,,,,
689,15.043915,120.860947,,152000,0,3.666077102,69.23622225,,,,
690,15.032922,120.902545,,2000,1,16.71913568,763.5851594,,,,
691,15.028733,120.834592,,1600,1,14.83783668,350.9944469,,,,
692,15.030787,120.85738,,3000,1,53.4476285,1219.051058,,,,
693,15.033715,120.902853,,1800,1,49.76932337,857.3525422,,,,
694,15.033,120.884558,,2000,1,7.938470252,68.32440149,,,,
695,15.053112,120.878558,,2500,1,5.612647356,0.651537188,,,,
696,15.033392,120.884408,,3400,1,2.652532318,22.35679711,,,,
697,15.02632,120.867583,,2500,1,17.11755136,965.5910386,,,,
698,15.03858,120.887448,,2600,1,9.548289479,39.03878404,,,,
699,15.02272,120.85835,,1800,1,18.68547112,592.7901903,,,,
700,15.038503,120.89244,,3000,1,36.30259264,16.62074891,,,,
701,15.025787,120.857905,,2000,1,10.96784408,892.5570772,,,,
702,15.037682,120.872503,,3400,1,1.84642332,3.088005039,,,,
703,15.040733,120.897305,,3200,1,30.07786784,35.79815508,,,,
704,15.038437,120.89363,,1400,1,11.93710549,94.38896984,,,,
705,15.034577,120.871525,,2000,1,6.67201387,72.00380854,,,,
706,15.049328,120.882955,,1600,1,1.719112163,17.13230627,,,,
707,15.053002,120.895028,,2500,1,0.580006899,378.0068123,,,,
708,15.055808,120.889745,,2000,1,4.175574141,7.264843054,,,,
709,15.04142,120.886013,,3100,1,3.719180299,137.1706187,,,,
710,15.038808,120.903957,,1500,1,17.83200312,373.2165989,,,,
711,15.03899,120.887187,,2500,1,2.861465061,20.60728779,,,,
712,15.039153,120.887603,,1000,1,4.692336456,68.10921991,,,,
713,15.03822,120.903478,,40000,0,23.40050161,444.0186441,,,,
714,15.033327,120.88436,,3600,1,4.079724056,28.11318014,,,,
715,15.055485,120.889953,,1900,1,1.391660841,2.946375648,,,,
716,15.051557,120.854587,,2400,1,5.360034049,59.27238669,,,,
717,15.046953,120.912443,,3500,1,2.656731249,92.65072893,,,,
718,15.039543,120.913757,,4000,1,3.238066427,558.6516442,,,,
719,15.040888,120.897273,,2900,1,47.20338318,26.13900008,,,,
720,15.05491,120.881553,,3000,1,8.731502321,244.3618892,,,,
721,15.03641,120.90643,,2000,1,30.64278922,669.8046869,,,,
722,15.055783,120.889803,,37000,0,0.398117293,2.88671973,,,,
723,15.131775,120.898077,,36000,0,4.531361225,26.2057326,,,,
724,15.041482,120.903858,,1900,1,3.283567056,83.43465048,,,,
725,15.051233,120.855113,,3000,1,17.7463014,37.6486112,,,,
726,15.167977,120.910613,,4000,1,0.549371117,37.17104489,,,,
727,15.050153,120.855728,,2500,1,4.542681314,65.13550909,,,,
728,15.038882,120.901235,,2400,1,151.7209001,323.5780919,,,,
729,15.01735,120.845025,,2000,1,6.057758965,60.31315876,,,,
730,15.034007,120.875877,,3000,1,3.165350439,10.86558097,,,,
731,15.03463,120.8746,,1900,1,0.412137801,4.765105373,,,,
732,15.03593,120.871877,,3000,1,2.959839504,6.626649804,,,,
733,15.032995,120.884497,,1900,1,1.436991933,67.29991911,,,,
734,15.045403,120.908645,,2000,1,0.444909157,100.9729277,,,,
735,15.037618,120.892068,,2500,1,29.77395158,31.28294418,,,,
736,15.04302,120.861655,,110000,0,4.012802252,71.89615659,,,,
737,15.043512,120.903552,,1700,1,5.782573491,78.34634668,,,,
738,15.036103,120.865407,,300,1,1.382951722,185.2068216,,,,
739,15.049067,120.856663,,1200,1,0.596006334,67.45384115,,,,
740,15.03629,120.906672,,2000,1,43.14715589,690.9647869,,,,
741,15.036525,120.907705,,3000,1,16.63842638,710.7368496,,,,
742,15.050782,120.896873,,2500,1,4.019138076,173.8842688,,,,
743,15.040985,120.897343,,3000,1,50.49383758,31.44891001,,,,
744,15.038915,120.901277,,4000,1,145.9430182,320.1603434,,,,
745,15.033025,120.875522,,2500,1,3.04842017,47.41461747,,,,
746,15.03302,120.884515,,1600,1,3.97813307,65.07410803,,,,
747,15.03576,120.863607,,4000,1,0.801392206,354.0795562,,,,
748,15.036002,120.90741,,3000,1,7.126340156,750.4192228,,,,
749,15.033323,120.884318,,4000,1,8.570897719,26.78172779,,,,
750,15.03341,120.884395,,4200,1,1.771621585,20.08954448,,,,
751,15.037863,120.892188,,3000,1,29.02666552,26.28947269,,,,
752,15.039793,120.895625,,1600,1,1.28572638,64.81813787,,,,
753,15.017147,120.875763,,1500,1,16.33853817,106.236903,,,,
754,15.022985,120.85847,,3000,1,1.16724641,605.5198469,,,,
755,15.052888,120.895317,,2000,1,1.377881115,371.7476323,,,,
756,15.02226,120.85741,,3000,1,2.992351733,575.197382,,,,
757,15.049187,120.874987,,4200,1,1.341373776,68.61347441,,,,
758,15.0384,120.892448,,3500,1,42.7997686,22.40995524,,,,
759,15.03821,120.892348,,2000,1,30.32801532,22.00890854,,,,
760,15.06236,120.897797,,3000,1,2.202534119,360.1707935,,,,
761,15.062527,120.901817,,3000,1,0.018735096,138.5257323,,,,
762,15.056402,120.889572,,4000,1,2.351908861,1.007935841,,,,
763,15.037118,120.90478,,3000,1,52.13458668,557.8868217,,,,
764,15.039143,120.88768,,2000,1,2.748129152,75.93465588,,,,
765,15.036708,120.9079,,30000,0,3.771510575,702.4496637,,,,
766,15.03554,120.862568,,4000,1,7.641530468,460.5164274,,,,
767,15.040383,120.91536,,2000,1,1.941878564,463.1965619,,,,
768,15.044803,120.921935,,3400,1,0.742090772,96.03495557,,,,
769,15.025423,120.876082,,4000,1,1.42053601,781.0166728,,,,
770,15.033112,120.874827,,4200,1,9.778116711,70.05485334,,,,
771,15.115225,120.915865,,60000,0,0.291804911,6.59859851,,,,
772,15.135312,120.912,,4000,1,18.69378599,32.38122897,,,,
773,15.035267,120.9025,,3000,1,15.33145637,734.4008031,,,,
774,15.026355,120.857905,,200000,0,0.993004144,946.9115533,,,,
775,15.031758,120.835207,,3000,1,1.339704416,324.174281,,,,
776,15.046282,120.880707,,4000,1,18.94282495,344.1633734,,,,
777,15.06205,120.901077,,3000,1,21.70891009,161.6270774,,,,
778,15.041853,120.896753,,2000,1,4.485752675,58.79459101,,,,
779,15.056382,120.889515,,3000,1,4.162333164,7.523802579,,,,
780,15.021032,120.86655,,4000,1,3.563980713,453.8444983,,,,
781,15.046927,120.912515,,6000,1,1.915272659,93.51839252,,,,
782,15.02363,120.87638,,3000,1,5.174000198,673.4419324,,,,
783,15.040613,120.916413,,2000,1,7.953597249,394.0569571,,,,
784,15.055192,120.853277,,4000,1,6.737115062,45.57196859,,,,
785,15.115322,120.915917,,3000,1,3.743729211,5.018938825,,,,
786,15.021543,120.857717,,3000,1,29.38009555,513.2976586,,,,
787,15.036227,120.871863,,2500,1,0.057668874,3.588371607,,,,
788,15.053533,120.892048,,3000,1,0.86692914,159.1073442,,,,
789,15.041403,120.901443,,4000,1,26.47706943,46.76405746,,,,
790,15.04515,120.914318,,3000,1,6.629992044,114.1168552,,,,
791,15.034528,120.90924,,5000,1,18.35215549,983.2736735,,,,
792,15.053945,120.881675,,4000,1,5.148959113,141.0207439,,,,
793,15.048657,120.856955,,3000,1,4.920016824,71.56753428,,,,
794,15.046582,120.859208,,4000,1,34.26846423,29.06812755,,,,
795,15.036088,120.910302,,3000,1,1.618487611,837.0817615,,,,
796,15.1175,120.902153,,3000,1,15.16709659,87.44559105,,,,
797,15.037485,120.891253,,3500,1,2.696267711,32.03483575,,,,
798,15.163183,120.919412,,3000,1,1.96193844,10.64485973,,,,
799,15.048655,120.89855,,4500,1,0.164234007,7.802801031,,,,
800,15.028817,120.908812,,6000,1,52.58892915,543.5226818,,,,
801,15.03469,120.871202,,2000,1,4.946021345,75.23754929,,,,
802,15.043925,120.860907,,3500,0,0.92078083,71.89669495,,,,
803,15.038667,120.902703,,100000,0,70.00289058,374.0144462,,,,
804,15.03794,120.903762,,74000,0,53.05593014,470.868092,,,,
805,15.037707,120.872488,,45000,0,0.912435724,5.828208583,,,,
806,15.041665,120.88588,,5000,1,2.780288759,123.6191432,,,,
807,15.040387,120.863647,,4500,1,0.498421765,96.13058483,,,,
808,15.055838,120.889815,,6000,1,4.050468748,0.954271322,,,,
809,15.038502,120.916572,,2400,1,1.604468714,558.4331576,,,,
810,15.043852,120.860967,,9000,1,1.14146904,71.92483854,,,,
811,15.019917,120.854653,,72000,0,4.581470342,304.9872137,,,,
812,15.035467,120.869052,,7000,1,4.0022475,94.26702102,,,,
813,15.03412,120.872223,,8000,1,11.35599116,86.38689197,,,,
814,15.041892,120.919195,,6000,1,18.94206053,96.13793742,,,,
815,15.041405,120.885993,,4000,1,1.644835066,139.776742,,,,
816,15.049377,120.895903,,5000,1,0.051502378,1.742659486,,,,
817,15.043617,120.878223,,6000,1,26.1266701,432.2625486,,,,
818,15.052815,120.882113,,6000,1,0.479530288,19.980228,,,,
819,15.062045,120.899333,,8000,1,5.184356419,280.0873552,,,,
820,15.049678,120.897582,,6000,1,0.397057313,68.28066047,,,,
821,15.035892,120.868685,,3000,1,24.36325499,68.15359121,,,,
822,15.027162,120.904783,,1500,1,0.736867938,309.6794353,,,,
823,15.021827,120.857685,,4500,1,26.64500802,540.692031,,,,
824,15.041905,120.899167,,5000,1,30.00243497,39.01409821,,,,
825,14.961388,120.509613,,18000,0,4.652811162,10.52090707,,,,
826,15.003457,120.49004,,34000,0,2.251833611,351.7952867,,,,
827,14.977805,120.540042,,120000,0,2.3917021,1.459991022,,,,
828,14.964603,120.528927,,25000,0,4.824456031,71.3418423,,,,
829,15.002482,120.49155,,10000,0,1.276900703,364.8606719,,,,
830,15.003965,120.51528,,28000,0,2.750543023,539.591996,,,,
831,14.99758,120.501177,,38000,0,3.202154623,703.195644,,,,
832,15.003897,120.4891,,60000,0,4.304285446,381.4350188,,,,
833,15.004512,120.492275,,48000,0,41.6965855,127.6299505,,,,
834,14.979703,120.47403,,12000,0,14.74756786,264.0980829,,,,
835,14.965582,120.529615,,40000,0,8.851508824,16.47909684,,,,
836,15.010533,120.571743,,102000,0,1.092947754,471.7031034,,,,
837,15.011452,120.571023,,30000,0,0.904118206,550.9029257,,,,
838,14.99707,120.543852,,24000,0,26.38784886,515.4738949,,,,
839,14.982893,120.605932,,53750,0,9.700672715,0.454601895,,,,
840,15.006337,120.562887,,63000,0,0.47244102,118.7062761,,,,
841,15.015887,120.56965,,22000,0,16.54020451,691.9206716,,,,
842,15.01784,120.529053,,60000,0,2.843154608,521.2980061,,,,
843,15.019647,120.565535,,7200,0,3.261492889,208.8971359,,,,
844,14.87298,120.518695,,2000,0,0.191108019,1030.079458,,,,
845,14.905133,120.52023,,30000,0,3.690680705,630.3861783,,,,
846,14.90767,120.586535,,7000,0,1.713265103,4.565105144,,,,
847,14.871542,120.521235,,10000,0,9.612943093,1071.144522,,,,
848,14.954925,120.544797,,48000,0,0.560719343,494.2671285,,,,
849,14.899858,120.518447,,200000,0,1.535601549,441.5489426,,,,
850,15.214143,120.615973,,3000,1,1.485308034,41.59536513,,,,
851,15.237432,120.603597,,50000,0,7.939210677,298.4907657,,,,
852,15.196655,120.604295,,61000,0,4.341152724,159.1452471,,,,
853,15.218093,120.606462,,6000,1,6.113141008,302.8319893,,,,
854,15.178092,120.616463,,60000,0,16.38012361,438.7006585,,,,
855,15.205468,120.63784,,100000,0,8.210812842,69.64988108,,,,
856,15.210487,120.623742,,74000,0,5.492118835,75.94616597,,,,
857,15.205437,120.646902,,45000,0,5.981144788,287.7791802,,,,
858,15.21958,120.67445,,72000,0,2.113653848,716.3825317,,,,
859,15.219488,120.674082,,5000,0,5.561018953,720.1279239,,,,
860,15.26807,120.66015,,18000,0,8.197984874,198.7498534,,,,
861,15.252965,120.695628,,10000,0,35.30485054,371.4259473,,,,
862,15.231442,120.64305,,38000,0,1.228716266,735.788924,,,,
863,15.247437,120.670303,,8000,0,2.421029843,410.0889721,,,,
864,15.23829,120.648612,,16000,0,4.618100817,751.6879077,,,,
865,15.24639,120.691388,,60000,0,5.199212124,437.0734492,,,,
866,15.252782,120.737303,,40000,0,132.5953712,91.19667917,,,,
867,15.210337,120.684848,,102000,0,1.084054942,181.8605123,,,,
868,15.24646,120.69161,,30000,0,19.06277066,431.0093516,,,,
869,15.206313,120.637473,,7000,0,0.273115678,171.1073228,,,,
870,15.22663,120.686157,,16000,0,2.466232902,257.39704,,,,
871,15.218777,120.68483,,60000,0,2.185594766,481.8719087,,,,
872,15.243025,120.657393,,110000,0,2.930014653,214.4806457,,,,
873,15.265965,120.70394,,200000,0,24.27850652,312.6609269,,,,
874,15.226567,120.6952,,7000,0,4.513308414,12.06915611,,,,
875,15.25288,120.655175,,48000,0,6.219938575,451.4026343,,,,
876,15.236618,120.642862,,200000,0,0.61389815,894.8808087,,,,
877,15.232147,120.696165,,110000,0,6.13318441,354.0943388,,,,
878,15.220995,120.710325,,30000,0,0.415660568,450.4205532,,,,
879,15.232065,120.700898,,60000,0,2.228316222,548.6377062,,,,
880,15.265667,120.655958,,3500,0,11.76042092,1.536328022,,,,
881,15.262818,120.735053,,40000,0,3.466832424,415.510695,,,,
882,15.20622,120.62475,,100000,0,43.05518454,141.8900535,,,,
883,15.250818,120.726452,,74000,0,0.279111056,209.4900325,,,,
884,15.238205,120.648618,,45000,0,4.49531734,759.3240749,,,,
885,15.250822,120.726488,,72000,0,1.805782782,207.1800753,,,,
886,15.234535,120.69963,,200000,0,0.820026452,260.287536,,,,
887,15.190343,120.635562,,18000,0,12.42917835,208.2683905,,,,
888,15.256158,120.7404,,10000,0,2.484009169,100.2915639,,,,
889,15.241713,120.650867,,38000,0,7.498315498,302.1105926,,,,
890,15.24734,120.668053,,20000,0,5.541745066,260.3631956,,,,
891,15.25419,120.690905,,40000,0,4.188351042,325.2781591,,,,
892,15.254203,120.694245,,102000,0,1.073454523,408.5958891,,,,
893,15.2429,120.714898,,7000,0,0.810077884,352.7766602,,,,
894,15.247192,120.691117,,10000,0,18.12225794,527.6895067,,,,
895,15.210053,120.623843,,48000,0,17.43849594,123.0875631,,,,
896,15.229273,120.642375,,16000,0,4.60434271,512.9478907,,,,
897,15.276013,120.65176,,40000,0,8.816621829,61.96593553,,,,
898,15.246657,120.71953,,102000,0,7.342870633,178.8260216,,,,
899,15.247353,120.730637,,30000,0,2.081898514,153.1690937,,,,
900,15.196973,120.636817,,7000,0,1.907874729,369.4084977,,,,
901,15.215135,120.636572,,10000,0,0.319159705,236.0880696,,,,
902,15.205618,120.63866,,8000,0,1.517104597,61.91347122,,,,
903,15.25053,120.691065,,200000,0,4.023444169,709.6183879,,,,
904,15.217698,120.673217,,72000,0,0.527570439,759.4267638,,,,
905,15.250638,120.69107,,32700,0,1.567658293,698.3326057,,,,
906,15.257047,120.674997,,12000,0,6.54152479,197.1467271,,,,
907,15.224945,120.694958,,57000,0,0.798729711,181.1016861,,,,
908,15.188277,120.638038,,76000,0,2.702027818,105.1118005,,,,
909,15.249697,120.673845,,2000,0,3.985640024,394.41027,,,,
910,15.227135,120.695583,,18000,0,1.847011029,62.89322373,,,,
911,15.197703,120.692395,,10000,0,12.09620972,158.3875033,,,,
912,15.219105,120.672072,,38000,0,4.696692324,765.9160923,,,,
913,15.225887,120.694917,,16000,0,4.574210053,92.53250051,,,,
914,15.228578,120.670255,,60000,0,19.77000478,31.63007096,,,,
915,14.980352,120.702893,,61000,0,2.103219954,387.8396856,,,,
916,14.959263,120.72103,,40000,0,0.370403656,19.06116429,,,,
917,14.950812,120.717793,,102000,0,2.527300787,167.6533784,,,,
918,14.980293,120.702925,,30000,0,2.832485525,393.9446251,,,,
919,14.947603,120.717573,,7000,0,2.417750264,342.4521416,,,,
920,14.980607,120.701005,,37000,0,4.299224248,194.0802572,,,,
921,14.952807,120.730877,,110000,0,2.231233708,463.139217,,,,
922,14.962675,120.731762,,3000,1,0.145269714,250.2617154,,,,
923,14.974987,120.73503,,60000,0,8.52691489,614.2764061,,,,
924,14.977805,120.698598,,744000,0,22.2328845,96.65957412,,,,
925,14.970942,120.733388,,100000,0,6.31744096,516.3586598,,,,
926,14.976273,120.699432,,74000,0,0.282244692,286.8144496,,,,
927,14.949475,120.717668,,45000,0,0.773536491,291.6826101,,,,
928,14.973987,120.701212,,72000,0,1.935150221,187.7995534,,,,
929,14.980012,120.70067,,37000,0,0.596663931,185.7772672,,,,
930,14.950042,120.71767,,1500,1,4.77841322,233.7925747,,,,
931,14.98071,120.702617,,30000,0,5.020239198,341.0326887,,,,
932,14.955945,120.729462,,60000,0,1.823993589,369.1792717,,,,
933,14.980363,120.70104,,60000,0,13.3575964,209.2174748,,,,
934,14.97838,120.699612,,3500,0,1.83677527,144.2782594,,,,
935,14.97753,120.699433,,100000,0,41.44765887,182.2574266,,,,
936,14.968367,120.733837,,45000,0,0.711078368,384.8662313,,,,
937,14.979698,120.700497,,72000,0,0.115800646,179.843001,,,,
938,14.980215,120.700815,,18000,0,1.713911272,192.9751786,,,,
939,15.051848,120.533245,,10000,0,4.096058203,423.5862875,,,,
940,15.070525,120.519638,,38000,0,1.031211056,120.7881849,,,,
941,15.039235,120.524457,,7000,0,1.646640016,773.2551546,,,,
942,15.039102,120.48485,,48000,0,1.298841232,121.603161,,,,
943,15.037217,120.504512,,200000,0,0.702397241,45.57824691,,,,
944,15.079763,120.547428,,60000,0,35.19136119,294.4464197,,,,
945,15.110792,120.568568,,100000,0,6.845106051,351.6762885,,,,
946,15.04028,120.524112,,74000,0,1.619600529,817.4790151,,,,
947,15.044567,120.500093,,18000,0,4.613732855,155.8892992,,,,
948,15.121327,120.553822,,10000,0,0.421229029,353.8415036,,,,
949,15.032933,120.53471,,38000,0,2.23640879,255.425266,,,,
950,15.0351,120.497995,,60000,0,17.48616855,496.1356133,,,,
951,15.122182,120.561973,,48000,0,24.17037351,142.5242634,,,,
952,15.034927,120.531268,,60000,0,0.458494691,175.3508029,,,,
953,15.033088,120.773377,,3500,0,8.681947013,225.4729333,,,,
954,14.974712,120.736387,,45000,0,6.95656155,526.3061345,,,,
955,15.041747,120.757888,,16000,0,9.743036931,252.0913912,,,,
956,15.043232,120.762368,,4000,1,6.767246858,242.1611368,,,,
957,15.037282,120.766678,,200000,0,2.199956951,33.25944998,,,,
958,15.037808,120.779837,,5000,1,10.04914763,512.6819387,,,,
959,15.037523,120.766848,,18000,0,2.900744056,0.932187783,,,,
960,15.045352,120.757978,,10000,0,24.87296388,123.1153127,,,,
961,15.048903,120.758437,,16000,0,21.88812874,99.8058923,,,,
962,15.05037,120.751717,,60000,0,9.51988811,433.2792423,,,,
963,15.034907,120.769538,,200000,0,20.43953421,231.4773261,,,,
964,15.059468,120.754115,,7000,0,3.13045513,1142.835304,,,,
965,15.044415,120.760573,,200000,0,0.74216254,114.1000357,,,,
966,15.103378,120.636957,,110000,0,0.514424988,26.08788815,,,,
967,15.07471,120.627807,,60000,0,1.080424751,235.9418113,,,,
968,15.106138,120.634705,,3500,0,2.669782131,137.5711277,,,,
969,15.08575,120.617193,,100000,0,1.876596307,920.2277346,,,,
970,15.089983,120.614257,,45000,0,0.695785685,833.2464005,,,,
971,15.075417,120.630853,,18000,0,20.35075074,368.2504734,,,,
972,15.026543,120.567627,,10000,0,4.997030107,409.8851718,,,,
973,15.040338,120.549802,,38000,0,19.11884704,468.3553134,,,,
974,15.030323,120.564823,,60000,0,4.588067622,315.9297712,,,,
975,15.014585,120.575088,,48000,0,3.069403746,917.5085973,,,,
976,15.028987,120.56658,,43000,0,3.679752384,360.2795808,,,,
977,15.02653,120.564402,,20000,0,13.55203347,105.4785148,,,,
978,15.733762,121.517937,,4000,0,82.28341067,1075.232976,,,,
979,15.810343,121.479295,,4000,0,366.9548945,545.7992174,,,,
980,15.703778,121.495292,,4000,0,13.71806174,30.59542672,,,,
981,15.707203,121.465167,,4000,0,112.4454558,61.27040086,,,,
982,16.151358,121.944808,,10000,0,7.531450383,225.3752207,,,,
983,15.797563,121.495052,,29000,0,3.245182408,380.3289834,,,,
984,15.810843,121.482685,,5000,0,5.135007743,576.1142545,,,,
985,15.785277,121.539623,,4000,0,12.41332547,468.1586209,,,,
986,15.846797,121.54366,,10000,0,372.9806847,229.0796107,,,,
987,15.320123,120.614428,,108000,0,24.89593445,743.6829271,,,,
988,15.53386,120.597252,,90000,0,4.361779966,314.7658477,,,,
989,15.546958,120.605453,,20000,0,1.264476756,284.5388502,,,,
990,15.547115,120.604617,,20000,0,9.06935503,375.8314877,,,,
991,15.665792,120.487397,,24000,0,5.39692664,1741.039842,,,,
992,15.367572,120.657298,,20000,0,29.59427828,406.8318771,,,,
993,15.285907,120.592782,,60000,0,0.089737148,1120.824949,,,,
994,15.39469,120.637185,,60000,0,2.18387503,514.4910419,,,,
995,15.28586,120.632512,,400560,0,0.195092037,408.6781943,,,,
996,15.35633,120.619682,,141000,0,4.154989143,204.8773464,,,,
997,15.303283,120.603178,,240000,0,2.772797948,1785.704,,,,
998,15.520633,120.622592,,70000,0,1.654893541,313.3537979,,,,
999,15.709555,120.606928,,10000,0,1.793024056,227.3033033,,,,
1000,15.444285,120.73454,,10000,0,10.68119024,167.0941194,,,,
1001,15.409032,120.697653,,39000,0,1.744851963,636.8343409,,,,
1002,15.314237,120.535575,,20000,0,4.23124287,563.0025821,,,,
1003,15.273552,120.580493,,40000,0,9.792615159,418.4389556,,,,
1004,15.320613,120.577512,,200000,0,2.901455412,6.086733604,,,,
1005,15.321637,120.572808,,100000,0,1.580467139,398.265606,,,,
1006,15.778877,120.602203,,62000,0,0.211283428,576.4972545,,,,
1007,15.307943,120.550735,,30600,0,0.597501484,387.6757609,,,,
1008,15.309488,120.54192,,180000,0,3.198749117,330.9743935,,,,
1009,15.558223,120.513513,,65000,0,3.837535124,775.653717,,,,
1010,15.780123,120.601873,,385000,0,9.845654467,615.2516882,,,,
1011,15.567432,120.622905,,74000,0,0.778636842,865.9056206,,,,
1012,15.627463,120.393943,,36000,0,48.39105268,405.2880687,,,,
1013,15.738147,120.451093,,75000,0,5.856953955,936.2924541,,,,
1014,15.603757,120.38974,,150000,0,3.427924756,731.8612251,,,,
1015,15.569233,120.527835,,64000,0,5.568794078,329.1828019,,,,
1016,15.674795,120.348515,,38000,0,7.35805957,1684.418546,,,,
1017,15.53666,120.523388,,20000,0,5.822191736,281.4486124,,,,
1018,15.31841,120.618518,,81500,0,2.490232473,999.4379107,,,,
1019,15.35002,120.70139,,76000,0,2.756683404,185.2616886,,,,
1020,15.406453,120.623607,,200000,0,18.47860397,761.81454,,,,
1021,15.362912,120.558387,,25000,0,7.262475754,255.1258722,,,,
1022,15.646637,120.355995,,62000,0,11.49996,307.7313344,,,,
1023,15.321878,120.613983,,125000,0,5.413798741,561.6673759,,,,
1024,15.315552,120.608897,,30600,0,1.323098502,484.3385155,,,,
1025,15.752393,120.580905,,180000,0,25.35911352,1908.455552,,,,
1026,15.36563,120.566752,,100000,0,7.711101535,17.45797595,,,,
1027,15.319103,120.54452,,65000,0,0.456376375,710.7800796,,,,
1028,15.49118,120.539655,,385000,0,0.024234956,1308.22379,,,,
1029,15.40367,120.62147,,74000,0,0.896332026,556.314622,,,,
1030,15.288048,120.587627,,37000,0,3.950679699,1563.457762,,,,
1031,15.527183,120.542313,,45000,0,1.388274641,1196.098574,,,,
1032,15.527183,120.542383,,36000,0,2.545890013,1201.854406,,,,
1033,15.51912,120.615015,,30000,0,6.64269541,364.6892418,,,,
1034,15.613562,120.640432,,60000,0,16.45587759,1445.862265,,,,
1035,15.333945,120.573297,,75000,0,5.644884816,137.8204199,,,,
1036,15.37786,120.566585,,150000,0,13.65567874,125.4636514,,,,
1037,15.55292,120.613165,,80000,0,5.871847464,411.5612658,,,,
1038,15.639885,120.645388,,38000,0,108.3789333,1261.384052,,,,
1039,15.398957,120.625875,,20000,0,2.192213771,110.7781477,,,,
1040,15.522203,120.549438,,81500,0,0.265778723,935.2001442,,,,
1041,15.653753,120.628465,,3000,0,4.122658458,115.4820147,,,,
1042,15.713877,120.606713,,79000,0,1.036780244,666.1702246,,,,
1043,15.56621,120.66482,,76000,0,0.748561453,2157.112897,,,,
1044,15.325475,120.625287,,200000,0,34.2182265,404.2173809,,,,
1045,15.515875,120.688312,,40000,0,1.75075717,222.0803105,,,,
1046,15.686587,120.439868,,8000,0,1.440976321,639.4366599,,,,
1047,15.40656,120.623305,,25000,0,0.060516404,772.2593834,,,,
1048,15.659335,120.627328,,4000,0,1.299862999,480.0459094,,,,
1049,15.48836,120.72443,,200000,0,11.52784751,675.9608586,,,,
1050,15.356958,120.643583,,19000,0,2.256884983,45.28260489,,,,
1051,15.553848,120.643953,,50000,0,1.892712511,109.6371401,,,,
1052,15.601973,120.658852,,50000,0,4.395701873,307.6734827,,,,
1053,15.31507,120.616037,,76000,0,3.483211253,1103.136302,,,,
1054,15.597297,120.394187,,70000,0,4.79563432,510.7133006,,,,
1055,15.400252,120.624133,,12000,0,20.73504218,288.98829,,,,
1056,15.690418,120.369923,,72000,0,25.2384805,537.964233,,,,
1057,15.33674,120.612845,,90000,0,2.891345557,176.0672655,,,,
1058,15.31466,120.613245,,81500,0,24.44584927,894.784226,,,,
1059,15.34972,120.619193,,20000,0,2.940616395,834.1309219,,,,
1060,15.345547,120.618945,,38000,0,11.7526484,1270.52281,,,,
1061,15.434743,120.710228,,150000,0,5.594093755,952.6744844,,,,
1062,15.659842,120.45797,,75000,0,1.376807631,841.4017679,,,,
1063,15.333923,120.572433,,36000,0,0.693417357,213.4061294,,,,
1064,15.332322,120.577268,,74000,0,3.428579542,199.6801981,,,,
1065,15.306735,120.652588,,35000,0,16.64646225,516.7096789,,,,
1066,15.317005,120.565367,,385000,0,0.538174934,645.9632587,,,,
1067,15.360145,120.687255,,80000,0,9.550924763,473.0193987,,,,
1068,15.59459,120.465518,,65000,0,4.990792916,577.9144163,,,,
1069,15.78216,120.602022,,20000,0,9.898704822,470.5440856,,,,
1070,15.418227,120.613048,,180000,0,2.756549764,857.8348539,,,,
1071,15.503057,120.692397,,30000,0,3.73409263,548.6329824,,,,
1072,15.514367,120.588648,,30600,0,2.89173466,516.0085973,,,,
1073,15.318838,120.540743,,62000,0,6.767190262,522.0335267,,,,
1074,15.310893,120.589692,,600000,0,11.48659859,573.1387178,,,,
1075,15.297212,120.57649,,65000,0,0.811877948,159.1507657,,,,
1076,15.275873,120.652065,,324000,0,8.244920761,56.5516714,,,,
1077,15.312007,120.609072,,75000,0,2.35735467,842.7114585,,,,
1078,15.361595,120.674595,,80000,0,2.053774941,306.8990463,,,,
1079,15.31334,120.535315,,40000,0,1.544031664,635.2545927,,,,
1080,15.31864,120.615778,,36000,0,9.021407319,922.0722288,,,,
1081,15.403065,120.700235,,148000,0,0.311434457,877.0362618,,,,
1082,15.309505,120.541877,,75000,0,4.934949729,335.9051218,,,,
1083,15.476545,120.523487,,25000,0,33.98809425,534.9107412,,,,
1084,15.813903,120.607008,,64000,0,3.848912306,1431.010914,,,,
1085,15.664708,120.493492,,38000,0,4.505680894,1150.477376,,,,
1086,15.481158,120.521062,,146000,0,8.741752501,610.441374,,,,
1087,15.626678,120.63673,,81500,0,8.039361608,2209.287872,,,,
1088,15.419053,120.612472,,100000,0,3.413929018,837.9536655,,,,
1089,15.581183,120.503338,,64000,0,15.08630024,987.1811811,,,,
1090,15.358692,120.66667,,150000,0,1.828995654,203.6669574,,,,
1091,15.55189,120.373427,,20000,0,4.576259618,333.8635627,,,,
1092,15.420257,120.564273,,32000,0,2.066234883,507.1196201,,,,
1093,15.572772,120.535645,,81500,0,1.163223121,367.2718756,,,,
1094,15.41184,120.709727,,18000,0,2.326661453,915.3247007,,,,
1095,15.55537,120.63977,,27000,0,130.0770438,80.08505221,,,,
1096,15.364803,120.703173,,75000,0,3.687744751,201.5987322,,,,
1097,15.780173,120.601672,,40000,0,1.127292259,627.0480151,,,,
1098,15.752547,120.579487,,20000,0,27.59891909,2015.517858,,,,
1099,15.387452,119.978208,,308000,0,0.061673005,214.4045943,,,,
1100,15.78796,119.991262,,190000,0,79.70535094,125.3946391,,,,
1101,14.992498,120.14717,,97000,0,0.543006001,702.1036265,,,,
1102,14.964052,120.22274,,48000,0,26.78360141,411.7816373,,,,
1103,15.795052,119.98884,,110000,0,30.43413996,112.6234782,,,,
1104,15.796327,119.996637,,38000,0,2.549389341,574.8931704,,,,
1105,15.290925,120.07968,,38000,0,54.59097146,788.0563538,,,,
1106,15.355978,119.990038,,230000,0,21.64920278,750.9950331,,,,
1107,14.914047,120.18356,,140000,0,7.87081018,203.265891,,,,
1108,15.376783,120.013078,,308000,0,7.850765943,245.3758501,,,,
1109,14.979915,120.12211,,190000,0,42.61262428,269.288121,,,,
1110,15.136323,120.051588,,6000,0,30.44593564,1484.28098,,,,
1111,14.870125,120.159273,,97000,0,5.276722037,174.525871,,,,
1112,14.979937,120.12206,,40000,0,47.54108797,271.8745708,,,,
1113,15.157547,120.066732,,38000,0,54.21773826,237.7669744,,,,
1114,15.292018,120.065408,,40000,0,3.651341318,173.0489407,,,,
1115,15.469325,119.947555,,100000,0,35.05489244,1397.718717,,,,
1116,14.90204,120.213367,,173000,0,1.053680364,1197.670475,,,,
1117,15.586013,119.960593,,5400,0,105.2903046,702.6571059,,,,
1118,15.596058,119.977185,,10000,0,43.05098166,789.1685998,,,,
1119,14.972047,120.223018,,38000,0,3.41295559,4.875894835,,,,
1120,15.355603,120.001522,,30000,0,4.919719895,768.6306903,,,,
1121,15.361762,120.007118,,105000,0,12.6868125,460.984374,,,,
1122,15.35786,120.003233,,110000,0,5.109979937,976.7924495,,,,
1123,15.358275,120.003515,,110000,0,3.936334891,934.2729467,,,,
1124,15.133383,120.060032,,230000,0,6.006034697,1611.262218,,,,
1125,14.926925,120.15329,,140000,0,1.577598431,350.8151643,,,,
1126,15.383665,119.978478,,38000,0,15.72635951,618.1156541,,,,
1127,15.627673,119.968627,,10000,0,3.561756786,1202.211309,,,,
1128,15.162653,120.079198,,190000,0,150.9988595,94.63392848,,,,
1129,14.960387,120.213523,,30000,0,1.036446078,52.80048538,,,,
1130,14.964697,120.216392,,40000,0,7.813957975,58.45490067,,,,
1131,15.381143,119.969942,,160000,0,0.207470989,474.7736036,,,,
1132,15.004561,120.712326,,5000,0,1.550409063,285.6774798,,,,
1133,15.00655,120.63105,,20000,0,0.373370384,73.99899773,,,,
1134,14.93444135,120.5876095,,500,0,36.42349735,75.15621771,,,,
1135,15.421,120.28,,100,0,1793.305102,1254.931981,,,,
1136,15.041179,120.886513,,15000,0,38.17084291,109.1995052,,,,
1137,14.984448,120.70649,,10000,0,5.459176496,266.2331659,,,,
1138,15.01341,120.6241233,,8000,0,3.95827486,156.2253255,,,,
1139,14.952857,120.730892,,15000,0,5.209865452,468.4455593,,,,
